頁籤名稱,表單名稱,表單網址,欄位數量,資料分類,主要使用者,表單功能簡述,用途分類,關聯性,使用頻率推論,表單狀態建議,備註與建議,疑似重複表單,實際記錄數,API查詢狀態,資料狀態,多版本標注,所屬群組,在群組中的角色,主版本路徑
空間活化專案,*裝潢案場資訊,https://ap13.ragic.com/OnePlaceLiving/forms/2,134,工務,內勤,,兩者,高,高,✅保留,超大型表單（134欄位），建議拆分或重新規劃,*裝潢案場資訊 多版本表單,,,,,,,
空間活化專案,*報價單(設計師用),https://ap13.ragic.com/OnePlaceLiving/forms/6,705,工務,外包,,兩者,中,高,✅保留,超大型表單（705欄位），建議拆分或重新規劃,,,,,,,,
空間活化專案,報價單(業務用),https://ap13.ragic.com/OnePlaceLiving/forms/12,253,業務,外勤,,兩者,中,高,✅保留,超大型表單（253欄位），建議拆分或重新規劃,,,,,,,,
空間活化專案,估價單,https://ap13.ragic.com/OnePlaceLiving/forms/13,226,其他,內勤,,兩者,中,高,✅保留,超大型表單（226欄位），建議拆分或重新規劃,,,,,,,,
空間活化專案,包租代管業績紀錄,https://ap13.ragic.com/OnePlaceLiving/forms/34,38,業務,內勤,,登打用,低,高,✅保留,現役主要表單,,,,,,,,
空間活化專案,案場收款列表,https://ap13.ragic.com/OnePlaceLiving/forms/40,8,其他,內勤,,查詢用,高,中,✅保留,現役主要表單,,,,,,,,
空間活化專案,內部填單,https://ap13.ragic.com/OnePlaceLiving/forms/48,49,其他,內勤,,登打用,低,中,✅保留,現役主要表單,,,,,,,,
空間活化專案,裝潢獎金計算,https://ap13.ragic.com/OnePlaceLiving/forms/50,24,工務,內勤,,登打用,低,中,✅保留,現役主要表單,,,,,,,,
空間活化專案,案場收款列表,https://ap13.ragic.com/OnePlaceLiving/forms/51,8,其他,內勤,,查詢用,高,中,✅保留,現役主要表單,,,,,,,,
空間活化專案,*裝潢案場資訊 多版本表單,https://ap13.ragic.com/OnePlaceLiving/forms/53,134,工務,內勤,,兩者,高,高,⚠️待合併,Ragic 系統自動產生的額外視圖；超大型表單（134欄位），建議拆分或重新規劃,*裝潢案場資訊,,,,,,,
主管用,請款單(簽核用),https://ap13.ragic.com/OnePlaceLiving/forms2/6,41,財務,主管,,兩者,低,高,✅保留,現役主要表單,,,,,✅多版本,請款申請,主管簽核視圖,forms4/1
主管用,退款單(簽核用),https://ap13.ragic.com/OnePlaceLiving/forms2/8,53,財務,主管,,兩者,中,高,✅保留,現役主要表單,,,,,,,,
主管用,代管租押請款(簽核用),https://ap13.ragic.com/OnePlaceLiving/forms2/9,39,財務,主管,,登打用,低,中,✅保留,現役主要表單,,,,,,,,
主管用,請款單(月固定_簽核用),https://ap13.ragic.com/OnePlaceLiving/forms2/14,42,財務,主管,,兩者,低,高,✅保留,現役主要表單,,,,,,,,
請款單,*請款單,https://ap13.ragic.com/OnePlaceLiving/forms4/1,43,財務,內勤,,兩者,低,高,✅保留,現役主要表單,,,,,🏠主版本,請款申請,主版本,forms4/1
請款單,*退款單,https://ap13.ragic.com/OnePlaceLiving/forms4/4,54,財務,內勤,,兩者,中,高,✅保留,現役主要表單,,,,,,,,
請款單,零用金記錄,https://ap13.ragic.com/OnePlaceLiving/forms4/7,21,財務,內勤,,登打用,低,中,✅保留,現役主要表單,,,,,,,,
請款單,*代管租押請款,https://ap13.ragic.com/OnePlaceLiving/forms4/9,41,財務,內勤,,兩者,低,高,✅保留,現役主要表單,,,,,,,,
請款單,課程部,https://ap13.ragic.com/OnePlaceLiving/forms4/32,6,財務,內勤,,登打用,低,中,✅保留,現役主要表單,課程部 多版本表單、課程部的明細,,,,,,,
請款單,請購申請單,https://ap13.ragic.com/OnePlaceLiving/forms4/33,27,財務,內勤,,登打用,低,中,✅保留,現役主要表單,,,,,,,,
請款單,課程部 多版本表單,https://ap13.ragic.com/OnePlaceLiving/forms4/35,8,財務,內勤,,登打用,低,低,⚠️待合併,Ragic 系統自動產生的額外視圖,課程部、課程部的明細,,,,,,,
請款單,課程部的明細,https://ap13.ragic.com/OnePlaceLiving/forms4/36,4,財務,內勤,,查詢用,低,中,✅保留,現役主要表單,課程部、課程部 多版本表單,,,,,,,
房務部,仲介費業績&費用紀錄表,https://ap13.ragic.com/OnePlaceLiving/housing/5,28,財務,內勤,,登打用,低,高,✅保留,現役主要表單,,,,,,,,
房務部,房務部房客電子發票開立明細,https://ap13.ragic.com/OnePlaceLiving/housing/6,25,財務,內勤,,查詢用,低,中,✅保留,現役主要表單,,,,,,,,
房務部,*屋主/發票資訊,https://ap13.ragic.com/OnePlaceLiving/housing/7,37,財務,內勤,,登打用,高,高,✅保留,現役主要表單,,,,,,,,
房務部,*房間列表,https://ap13.ragic.com/OnePlaceLiving/housing/9,92,房務,內勤,,查詢用,高,高,✅保留,超大型表單（92欄位），建議拆分或重新規劃,,,,,,,,
房務部,*契約資料庫&入住&退押,https://ap13.ragic.com/OnePlaceLiving/housing/10,54,系統,內勤,,兩者,高,高,✅保留,現役主要表單,,,,,,,,
房務部,請款單(月固定),https://ap13.ragic.com/OnePlaceLiving/housing/14,43,財務,內勤,,兩者,低,高,✅保留,現役主要表單,,,,,,,,
房務部,*屋主匯款資訊,https://ap13.ragic.com/OnePlaceLiving/housing/17,31,財務,內勤,,登打用,高,高,✅保留,現役主要表單,,,,,,,,
房務部,出租業績登記,https://ap13.ragic.com/OnePlaceLiving/housing/49,40,業務,內勤,,登打用,低,高,✅保留,現役主要表單,,,,,,,,
房務部,備品存貨,https://ap13.ragic.com/OnePlaceLiving/housing/50,10,工務,內勤,,登打用,低,中,✅保留,現役主要表單,,,,,,,,
房務部,備品使用登記,https://ap13.ragic.com/OnePlaceLiving/housing/51,11,工務,內勤,,登打用,低,中,✅保留,現役主要表單,,,,,,,,
房務部,*相關修繕/屋主費用,https://ap13.ragic.com/OnePlaceLiving/housing/66,68,財務,內勤,,兩者,高,高,✅保留,現役主要表單,,,,,,,,
房務部,房源資訊,https://ap13.ragic.com/OnePlaceLiving/housing/70,290,房務,內勤,,兩者,中,高,✅保留,超大型表單（290欄位），建議拆分或重新規劃,,,,,,,,
其他資料庫,縣市縮寫+行政區,https://ap13.ragic.com/OnePlaceLiving/forms12/1,6,人事,內勤,,登打用,低,中,✅保留,現役主要表單,,,,,,,,
其他資料庫,管理模式編號,https://ap13.ragic.com/OnePlaceLiving/forms12/2,2,系統,內勤,,登打用,低,中,✅保留,現役主要表單,,,,,,,,
其他資料庫,社區資料庫,https://ap13.ragic.com/OnePlaceLiving/forms12/5,26,系統,內勤,,登打用,低,中,✅保留,現役主要表單,,,,,,,,
其他資料庫,英文月份縮寫,https://ap13.ragic.com/OnePlaceLiving/forms12/11,2,系統,內勤,,登打用,低,中,✅保留,現役主要表單,,,,,,,,
其他資料庫,保險箱現金紀錄,https://ap13.ragic.com/OnePlaceLiving/forms12/12,15,系統,內勤,,登打用,低,中,✅保留,現役主要表單,,,,,,,,
其他資料庫,房間+房間名(連結載入用),https://ap13.ragic.com/OnePlaceLiving/forms12/14,86,系統,內勤,,兩者,高,高,✅保留,超大型表單（86欄位），建議拆分或重新規劃,,,,,,,,
其他資料庫,匯款資訊,https://ap13.ragic.com/OnePlaceLiving/forms12/15,30,財務,內勤,,登打用,低,中,✅保留,現役主要表單,,,,,,,,
其他資料庫,All房源資訊,https://ap13.ragic.com/OnePlaceLiving/forms12/16,329,系統,內勤,,兩者,中,高,✅保留,超大型表單（329欄位），建議拆分或重新規劃,,,,,✅多版本,房源資訊,其他資料庫版,for-system-use/15
其他資料庫,*廠商名單,https://ap13.ragic.com/OnePlaceLiving/forms12/20,25,工務,外包,,登打用,高,高,✅保留,現役主要表單,,,,,,,,
其他資料庫,相關修繕/屋主費用(同步用),https://ap13.ragic.com/OnePlaceLiving/forms12/25,62,財務,自動,,兩者,高,高,⚠️待合併,系統同步用，勿手動編輯,相關修繕/屋主費用(外部用),,,,,,,
其他資料庫,房源資訊(同步用),https://ap13.ragic.com/OnePlaceLiving/forms12/26,292,系統,自動,,兩者,中,低,⚠️待合併,系統同步用，勿手動編輯；超大型表單（292欄位），建議拆分或重新規劃,,,,,,,,
其他資料庫,相關修繕/屋主費用(外部用),https://ap13.ragic.com/OnePlaceLiving/forms12/45,65,財務,內勤,,兩者,高,高,⚠️待合併,供外部人員查看，通常為唯讀,相關修繕/屋主費用(同步用),,,,,,,
其他資料庫,全台銀行資料,https://ap13.ragic.com/OnePlaceLiving/forms12/47,5,系統,內勤,,登打用,低,中,✅保留,現役主要表單,,,,,,,,
人資,通訊錄,https://ap13.ragic.com/OnePlaceLiving/forms13/3,14,人事,內勤,,登打用,高,中,✅保留,現役主要表單,,,,,,,,
人資,房務/業務人員,https://ap13.ragic.com/OnePlaceLiving/forms13/8,12,人事,外勤,,登打用,高,中,✅保留,現役主要表單,業務人員,,,,,,,
人資,租賃顧問人員,https://ap13.ragic.com/OnePlaceLiving/forms13/10,12,人事,內勤,,登打用,高,中,✅保留,現役主要表單,,,,,,,,
人資,設計部人員,https://ap13.ragic.com/OnePlaceLiving/forms13/11,22,人事,內勤,,登打用,高,中,✅保留,現役主要表單,,,,,,,,
人資,車資表,https://ap13.ragic.com/OnePlaceLiving/forms13/14,13,人事,內勤,,登打用,低,中,✅保留,現役主要表單,,,,,,,,
人資,車資登記,https://ap13.ragic.com/OnePlaceLiving/forms13/15,10,人事,內勤,,登打用,低,中,✅保留,現役主要表單,,,,,,,,
人資,零用金紀錄,https://ap13.ragic.com/OnePlaceLiving/forms13/17,7,人事,內勤,,登打用,低,中,✅保留,現役主要表單,,,,,,,,
人資,業務人員,https://ap13.ragic.com/OnePlaceLiving/forms13/19,12,人事,外勤,,登打用,高,中,✅保留,現役主要表單,房務/業務人員,,,,,,,
人資,高專/約聘人員,https://ap13.ragic.com/OnePlaceLiving/forms13/20,13,人事,內勤,,登打用,高,中,✅保留,現役主要表單,,,,,,,,
會計,保險箱現金紀錄,https://ap13.ragic.com/OnePlaceLiving/account/1,16,財務,內勤,,登打用,低,中,✅保留,現役主要表單,,,,,,,,
會計,請款單-放款,https://ap13.ragic.com/OnePlaceLiving/account/2,43,財務,內勤,,兩者,低,高,✅保留,現役主要表單,,,,,✅多版本,請款申請,會計放款視圖,forms4/1
會計,退款單-放款,https://ap13.ragic.com/OnePlaceLiving/account/3,53,財務,內勤,,兩者,中,高,✅保留,現役主要表單,,,,,,,,
會計,代管租押請款-放款,https://ap13.ragic.com/OnePlaceLiving/account/4,44,財務,內勤,,兩者,低,中,✅保留,現役主要表單,,,,,,,,
會計,請款單(月固定)-出款,https://ap13.ragic.com/OnePlaceLiving/account/5,44,財務,內勤,,兩者,低,高,✅保留,現役主要表單,,,,,,,,
會計,零用金記錄-會計用,https://ap13.ragic.com/OnePlaceLiving/account/7,20,財務,內勤,,登打用,低,中,✅保留,現役主要表單,,,,,,,,
會計,請款條列資料,https://ap13.ragic.com/OnePlaceLiving/account/8,29,財務,內勤,,登打用,低,中,✅保留,現役主要表單,,,,,,,,
會計,退款條列資料,https://ap13.ragic.com/OnePlaceLiving/account/9,13,財務,內勤,,登打用,低,中,✅保留,現役主要表單,,,,,,,,
會計,官網(房客)金流,https://ap13.ragic.com/OnePlaceLiving/account/11,30,財務,內勤,,登打用,低,中,✅保留,現役主要表單,,,,,,,,
會計,保險箱現金金流細項,https://ap13.ragic.com/OnePlaceLiving/account/14,10,財務,內勤,,登打用,低,中,✅保留,現役主要表單,,,,,,,,
會計,代管/包租費繳交資料,https://ap13.ragic.com/OnePlaceLiving/account/15,52,財務,內勤,,兩者,中,高,✅保留,現役主要表單,,,,,,,,
會計,房務部電子發票,https://ap13.ragic.com/OnePlaceLiving/account/16,48,財務,內勤,,兩者,低,中,✅保留,現役主要表單,,,,,,,,
會計,請款單(房務部)-放款,https://ap13.ragic.com/OnePlaceLiving/account/18,57,財務,內勤,,兩者,中,高,✅保留,現役主要表單,,,,,,,,
代管表,代管表,https://ap13.ragic.com/OnePlaceLiving/forms16/1,96,房務,內勤,,兩者,中,高,✅保留,超大型表單（96欄位），建議拆分或重新規劃,,,,,,,,
代管表,歷史契約,https://ap13.ragic.com/OnePlaceLiving/forms16/2,20,房務,內勤,,登打用,高,高,✅保留,現役主要表單,,,,,,,,
代管表,房客繳租記錄,https://ap13.ragic.com/OnePlaceLiving/forms16/5,20,房務,內勤,,登打用,低,中,✅保留,現役主要表單,,,,,,,,
代管表,修繕/費用紀錄,https://ap13.ragic.com/OnePlaceLiving/forms16/6,21,財務,內勤,,登打用,低,高,✅保留,現役主要表單,,,,,,,,
代管表,出款記錄,https://ap13.ragic.com/OnePlaceLiving/forms16/7,34,房務,內勤,,登打用,低,中,✅保留,現役主要表單,,,,,,,,
代管表,押金記錄,https://ap13.ragic.com/OnePlaceLiving/forms16/27,34,房務,內勤,,登打用,低,中,✅保留,現役主要表單,,,,,,,,
台中,房間列表(台中),https://ap13.ragic.com/OnePlaceLiving/forms17/3,89,其他,內勤,,查詢用,高,高,✅保留,超大型表單（89欄位），建議拆分或重新規劃,,,,,,,,
台中,請款單(月固定)(台中),https://ap13.ragic.com/OnePlaceLiving/forms17/5,43,財務,內勤,,兩者,低,高,✅保留,現役主要表單,,,,,,,,
台中,退款單(台中),https://ap13.ragic.com/OnePlaceLiving/forms17/7,53,財務,內勤,,兩者,中,高,✅保留,現役主要表單,,,,,,,,
台中,代管租押請款(台中),https://ap13.ragic.com/OnePlaceLiving/forms17/8,49,財務,內勤,,兩者,低,中,✅保留,現役主要表單,,,,,,,,
台中,官網(房客)金流(台中),https://ap13.ragic.com/OnePlaceLiving/forms17/19,30,房務,內勤,,登打用,低,中,✅保留,現役主要表單,,,,,,,,
台中,契約資料庫&入住&退押(台中),https://ap13.ragic.com/OnePlaceLiving/forms17/20,54,系統,內勤,,兩者,高,高,✅保留,現役主要表單,,,,,,,,
台中,房源資訊(台中),https://ap13.ragic.com/OnePlaceLiving/forms17/21,291,其他,內勤,,兩者,中,高,✅保留,超大型表單（291欄位），建議拆分或重新規劃,房源資訊(台中) 包租,,,,,,,
台中,相關修繕/屋主費用(台中),https://ap13.ragic.com/OnePlaceLiving/forms17/22,68,財務,內勤,,兩者,高,高,✅保留,現役主要表單,,,,,,,,
台中,代管表(台中),https://ap13.ragic.com/OnePlaceLiving/forms17/23,96,房務,內勤,,兩者,中,高,✅保留,超大型表單（96欄位），建議拆分或重新規劃,,,,,,,,
台中,房源資訊(台中) 包租,https://ap13.ragic.com/OnePlaceLiving/forms17/24,291,房務,內勤,,兩者,中,高,✅保留,超大型表單（291欄位），建議拆分或重新規劃,房源資訊(台中),,,,,,,
加盟主,加盟主個人資料表,https://ap13.ragic.com/OnePlaceLiving/franchisee/2,86,人事,內勤,,兩者,高,高,✅保留,超大型表單（86欄位），建議拆分或重新規劃,,,,,,,,
加盟主,陪跑記錄,https://ap13.ragic.com/OnePlaceLiving/franchisee/5,7,加盟,內勤,,登打用,低,中,✅保留,現役主要表單,,,,,,,,
加盟主,每週營運數據回報,https://ap13.ragic.com/OnePlaceLiving/franchisee/30,8,加盟,內勤,,登打用,低,中,✅保留,現役主要表單,,,,,,,,
加盟主,收支明細製作,https://ap13.ragic.com/OnePlaceLiving/franchisee/49,200,加盟,內勤,,查詢用,中,高,✅保留,超大型表單（200欄位），建議拆分或重新規劃,代管收支明細製作,,,,,,,
加盟主,預提單,https://ap13.ragic.com/OnePlaceLiving/franchisee/61,14,加盟,內勤,,登打用,低,中,✅保留,現役主要表單,,,,,,,,
加盟主,費用收支表單,https://ap13.ragic.com/OnePlaceLiving/franchisee/62,11,財務,內勤,,登打用,低,中,✅保留,現役主要表單,,,,,,,,
加盟主,【每月收支明細表】,https://ap13.ragic.com/OnePlaceLiving/franchisee/63,116,加盟,內勤,,查詢用,中,高,✅保留,超大型表單（116欄位），建議拆分或重新規劃,,,,,,,,
加盟主,代管收支明細製作,https://ap13.ragic.com/OnePlaceLiving/franchisee/101,198,加盟,內勤,,查詢用,中,高,✅保留,超大型表單（198欄位），建議拆分或重新規劃,收支明細製作,,,,,,,
加盟主,【代管-每月收支明細表】,https://ap13.ragic.com/OnePlaceLiving/franchisee/102,116,加盟,內勤,,查詢用,中,高,✅保留,超大型表單（116欄位），建議拆分或重新規劃,,,,,,,,
信,S房客合約資料合約到期詢問,https://ap13.ragic.com/OnePlaceLiving/letter/78,56,房務,內勤,,兩者,中,高,✅保留,現役主要表單,,,,,,,,
信,潛在加盟主,https://ap13.ragic.com/OnePlaceLiving/letter/83,5,加盟,內勤,,登打用,高,中,✅保留,現役主要表單,,,,,,,,
信,應收表單,https://ap13.ragic.com/OnePlaceLiving/letter/87,12,其他,內勤,,登打用,低,中,✅保留,現役主要表單,,,,,,,,
信,picssee短網址,https://ap13.ragic.com/OnePlaceLiving/letter/92,8,其他,內勤,,登打用,低,中,✅保留,現役主要表單,,,,,,,,
信,系統需求任務表單,https://ap13.ragic.com/OnePlaceLiving/letter/93,35,系統,自動,,登打用,低,中,✅保留,現役主要表單,,,,,,,,
信,打卡,https://ap13.ragic.com/OnePlaceLiving/letter/94,3,其他,內勤,,登打用,低,中,✅保留,現役主要表單,,,,,,,,
信,小班長勞報單,https://ap13.ragic.com/OnePlaceLiving/letter/95,29,財務,內勤,,登打用,低,中,✅保留,現役主要表單,,,,,,,,
信,補償金-其他收入,https://ap13.ragic.com/OnePlaceLiving/letter/96,24,其他,內勤,,登打用,低,中,✅保留,現役主要表單,,,,,,,,
信,勞報單產出,https://ap13.ragic.com/OnePlaceLiving/letter/97,48,財務,內勤,,兩者,低,中,✅保留,現役主要表單,,,,,,,,
信,[麗亭]請款申請單,https://ap13.ragic.com/OnePlaceLiving/letter/98,127,財務,內勤,,登打用,中,高,✅保留,超大型表單（127欄位），建議拆分或重新規劃,,,,,,,,
KH,存發送code success V2,https://ap13.ragic.com/OnePlaceLiving/ragichr/10004,59,其他,內勤,,兩者,中,高,✅保留,現役主要表單,,,,,,,,
KH,有存發送code V1 (無header),https://ap13.ragic.com/OnePlaceLiving/ragichr/1,59,其他,內勤,,兩者,中,高,✅保留,現役主要表單,有存發送code V1 (無header) 多版本表單,,,,,,,
KH,Ktemplate,https://ap13.ragic.com/OnePlaceLiving/ragichr/2,12,其他,內勤,,登打用,低,中,✅保留,現役主要表單,Ktemplate 多版本表單,,,,,,,
KH,有存發送code V1 (無header) 多版本表單,https://ap13.ragic.com/OnePlaceLiving/ragichr/8,59,其他,內勤,,兩者,中,低,⚠️待合併,Ragic 系統自動產生的額外視圖,有存發送code V1 (無header),,,,,,,
KH,屋主需求development-department/1,https://ap13.ragic.com/OnePlaceLiving/ragichr/9,2,房務,內勤,,登打用,高,中,✅保留,現役主要表單,,,,,,,,
KH,Ktemplate 多版本表單,https://ap13.ragic.com/OnePlaceLiving/ragichr/11,12,其他,內勤,,登打用,低,低,⚠️待合併,Ragic 系統自動產生的額外視圖,Ktemplate,,,,,,,
Meal Planning,Ingredients,https://ap13.ragic.com/OnePlaceLiving/ragicmeal-planning/10001,8,其他,內勤,,登打用,低,中,✅保留,現役主要表單,,,,,,,,
Meal Planning,Recipe,https://ap13.ragic.com/OnePlaceLiving/ragicmeal-planning/10002,18,其他,內勤,,登打用,低,中,✅保留,現役主要表單,,,,,,,,
Meal Planning,KH test,https://ap13.ragic.com/OnePlaceLiving/ragicmeal-planning/10003,7,其他,內勤,,登打用,低,中,✅保留,現役主要表單,,,,,,,,
Meal Planning,Meal Planning,https://ap13.ragic.com/OnePlaceLiving/ragicmeal-planning/10004,17,其他,內勤,,登打用,低,中,✅保留,現役主要表單,,,,,,,,
Meal Planning,Shopping List,https://ap13.ragic.com/OnePlaceLiving/ragicmeal-planning/10005,8,其他,內勤,,登打用,低,中,✅保留,現役主要表單,,,,,,,,
常用選項,郵遞區號,https://ap13.ragic.com/OnePlaceLiving/ragicfrequently-used-selections/20001,6,系統,自動,,登打用,低,中,✅保留,現役主要表單,,,,,,,,
常用選項,銀行代碼,https://ap13.ragic.com/OnePlaceLiving/ragicfrequently-used-selections/20004,2,系統,自動,,登打用,低,中,✅保留,現役主要表單,,,,,,,,
常用選項,會計科目,https://ap13.ragic.com/OnePlaceLiving/ragicfrequently-used-selections/7,4,財務,自動,,登打用,低,中,✅保留,現役主要表單,,,,,,,,
常用選項,S案場總表外部連結用,https://ap13.ragic.com/OnePlaceLiving/ragicfrequently-used-selections/9,15,系統,自動,,登打用,高,中,✅保留,現役主要表單,,,,,,,,
常用選項,部門欄位/簽核人,https://ap13.ragic.com/OnePlaceLiving/ragicfrequently-used-selections/11,7,系統,主管,,登打用,低,中,✅保留,現役主要表單,,,,,,,,
常用選項,H人事表連結用,https://ap13.ragic.com/OnePlaceLiving/ragicfrequently-used-selections/12,20,系統,自動,,登打用,低,中,✅保留,現役主要表單,,,,,,,,
常用選項,H人事表綁定用,https://ap13.ragic.com/OnePlaceLiving/ragicfrequently-used-selections/15,3,系統,自動,,登打用,低,中,✅保留,現役主要表單,,,,,,,,
常用選項,秀家匯款帳戶,https://ap13.ragic.com/OnePlaceLiving/ragicfrequently-used-selections/10,7,財務,自動,,登打用,低,中,✅保留,現役主要表單,,,,,,,,
常用選項,同事line綁定,https://ap13.ragic.com/OnePlaceLiving/ragicfrequently-used-selections/14,6,系統,自動,,登打用,低,中,✅保留,現役主要表單,,,,,,,,
常用選項,S房客資料外部連結用,https://ap13.ragic.com/OnePlaceLiving/ragicfrequently-used-selections/8,12,系統,自動,,登打用,低,中,✅保留,現役主要表單,,,,,,,,
常用選項,勞報單連結用,https://ap13.ragic.com/OnePlaceLiving/ragicfrequently-used-selections/19,12,財務,自動,,登打用,低,中,✅保留,現役主要表單,,,,,,,,
借還鑰匙,鑰匙借用人員,https://ap13.ragic.com/OnePlaceLiving/return-keys-to-start-over/2,15,人事,外勤,,登打用,高,中,✅保留,現役主要表單,,,,,,,,
借還鑰匙,鑰匙細目,https://ap13.ragic.com/OnePlaceLiving/return-keys-to-start-over/4,22,服務,外勤,,登打用,低,中,✅保留,現役主要表單,,,,,,,,
借還鑰匙,鑰匙總表,https://ap13.ragic.com/OnePlaceLiving/return-keys-to-start-over/5,25,服務,外勤,,登打用,低,中,✅保留,現役主要表單,,,,,,,,
借還鑰匙,借出鑰匙,https://ap13.ragic.com/OnePlaceLiving/return-keys-to-start-over/7,21,服務,外勤,,登打用,低,中,✅保留,現役主要表單,,,,,,,,
借還鑰匙,歸還鑰匙,https://ap13.ragic.com/OnePlaceLiving/return-keys-to-start-over/8,19,服務,外勤,,登打用,低,中,✅保留,現役主要表單,,,,,,,,
借還鑰匙,借還鑰匙紀錄,https://ap13.ragic.com/OnePlaceLiving/return-keys-to-start-over/9,23,服務,外勤,,登打用,低,中,✅保留,現役主要表單,,,,,,,,
服務部,S案場總表,https://ap13.ragic.com/OnePlaceLiving/service-department/1,164,服務,內勤,,兩者,高,高,✅保留,超大型表單（164欄位），建議拆分或重新規劃,S案場總表-芊芊專用、S案場總表垃圾用,,,,✅多版本,案場總表,服務部視圖,for-system-use/1
服務部,S房源資訊,https://ap13.ragic.com/OnePlaceLiving/service-department/2,87,服務,內勤,,兩者,中,高,✅保留,超大型表單（87欄位），建議拆分或重新規劃,,,,,✅多版本,房源資訊,服務部視圖,for-system-use/15
服務部,S房客資料表,https://ap13.ragic.com/OnePlaceLiving/service-department/3,50,服務,內勤,,兩者,低,中,✅保留,現役主要表單,,,,,✅多版本,房客資料,服務部視圖,for-system-use/19
服務部,S房客合約資料,https://ap13.ragic.com/OnePlaceLiving/service-department/4,51,服務,內勤,,兩者,中,高,✅保留,現役主要表單,,,,,✅多版本,房客合約,服務部視圖,for-system-use/16
服務部,S管理費,https://ap13.ragic.com/OnePlaceLiving/service-department/7,34,服務,內勤,,登打用,低,中,✅保留,現役主要表單,,,,,,,,
服務部,S廠商名單,https://ap13.ragic.com/OnePlaceLiving/service-department/8,55,工務,外包,,兩者,高,高,✅保留,現役主要表單,,,,,,,,
服務部,退租續約[新增],https://ap13.ragic.com/OnePlaceLiving/service-department/39,150,服務,內勤,,兩者,中,高,✅保留,超大型表單（150欄位），建議拆分或重新規劃,,,,,,,,
服務部,退租計算機,https://ap13.ragic.com/OnePlaceLiving/service-department/53,30,服務,內勤,,登打用,低,中,✅保留,現役主要表單,,,,,,,,
服務部,S房源VC,https://ap13.ragic.com/OnePlaceLiving/service-department/57,66,服務,內勤,,兩者,中,高,✅保留,現役主要表單,,,,,,,,
服務部,退租續約[存摺上傳],https://ap13.ragic.com/OnePlaceLiving/service-department/58,34,服務,內勤,,登打用,低,中,✅保留,現役主要表單,,,,,,,,
服務部,續約租客資料更新,https://ap13.ragic.com/OnePlaceLiving/service-department/59,15,服務,內勤,,登打用,低,中,✅保留,現役主要表單,,,,,,,,
服務部,S案場總表-芊芊專用,https://ap13.ragic.com/OnePlaceLiving/service-department/103,165,服務,內勤,,兩者,高,高,✅保留,超大型表單（165欄位），建議拆分或重新規劃,S案場總表,,,,,,,
服務部,S案場歷程、按鈕動作資料更新） 多版本表單,https://ap13.ragic.com/OnePlaceLiving/service-department/104,37,服務,內勤,,登打用,高,低,⚠️待合併,Ragic 系統自動產生的額外視圖,,,,,,,,
服務部,S案場總表垃圾用,https://ap13.ragic.com/OnePlaceLiving/service-department/108,163,服務,內勤,,兩者,高,高,✅保留,超大型表單（163欄位），建議拆分或重新規劃,S案場總表,,,,,,,
服務部,網路帳單表,https://ap13.ragic.com/OnePlaceLiving/service-department/109,19,服務,內勤,,登打用,低,中,✅保留,現役主要表單,,,,,,,,
開發部,屋主需求,https://ap13.ragic.com/OnePlaceLiving/development-department/1,26,業務,內勤,,登打用,高,中,✅保留,現役主要表單,,,,,,,,
開發部,D來案紀錄,https://ap13.ragic.com/OnePlaceLiving/development-department/2,111,業務,內勤,,登打用,中,高,✅保留,超大型表單（111欄位），建議拆分或重新規劃,D來案紀錄  多版本表單,,,,,,,
開發部,D案件進度回報,https://ap13.ragic.com/OnePlaceLiving/development-department/3,10,業務,內勤,,登打用,低,中,✅保留,現役主要表單,,,,,,,,
開發部,D屋主總表,https://ap13.ragic.com/OnePlaceLiving/development-department/4,39,業務,內勤,,登打用,高,中,✅保留,現役主要表單,,,,,,,,
開發部,D屋主合約,https://ap13.ragic.com/OnePlaceLiving/development-department/6,56,業務,內勤,,兩者,高,高,✅保留,現役主要表單,,,,,,,,
開發部,陌生開發,https://ap13.ragic.com/OnePlaceLiving/development-department/8,24,業務,內勤,,登打用,低,中,✅保留,現役主要表單,,,,,,,,
開發部,D大房東合約 (簽約後),https://ap13.ragic.com/OnePlaceLiving/development-department/10,202,業務,內勤,,兩者,中,高,✅保留,超大型表單（202欄位），建議拆分或重新規劃,D大房東合約 (簽約後) — 房東租期及租金(測試中)、D大房東合約 (簽約後) 登打欄位,,,,,,,
開發部,屋主講座名單,https://ap13.ragic.com/OnePlaceLiving/development-department/11,14,業務,內勤,,登打用,高,中,✅保留,現役主要表單,,,,,,,,
開發部,待辦事項,https://ap13.ragic.com/OnePlaceLiving/development-department/20,14,業務,內勤,,登打用,低,中,✅保留,現役主要表單,,,,,,,,
開發部,稅務計算機,https://ap13.ragic.com/OnePlaceLiving/development-department/23,18,業務,內勤,,登打用,低,中,✅保留,現役主要表單,,,,,,,,
開發部,D合約草稿產出(簽約前),https://ap13.ragic.com/OnePlaceLiving/development-department/24,123,業務,內勤,,兩者,中,高,✅保留,超大型表單（123欄位），建議拆分或重新規劃,,,,,,,,
開發部,S案場歷程、按鈕動作資料更新）,https://ap13.ragic.com/OnePlaceLiving/development-department/27,50,業務,內勤,,兩者,高,中,✅保留,現役主要表單,,,,,,,,
開發部,業務每週進度回報,https://ap13.ragic.com/OnePlaceLiving/development-department/28,11,業務,外勤,,登打用,低,中,✅保留,現役主要表單,,,,,,,,
開發部,謝謝您今日來訪,https://ap13.ragic.com/OnePlaceLiving/development-department/40,25,業務,內勤,,登打用,低,中,✅保留,現役主要表單,,,,,,,,
開發部,合作期望表,https://ap13.ragic.com/OnePlaceLiving/development-department/41,25,業務,內勤,,登打用,低,中,✅保留,現役主要表單,,,,,,,,
開發部,簽約人人事表,https://ap13.ragic.com/OnePlaceLiving/development-department/44,7,業務,內勤,,登打用,低,中,✅保留,現役主要表單,,,,,,,,
開發部,屋主委託需求,https://ap13.ragic.com/OnePlaceLiving/development-department/47,28,業務,內勤,,登打用,高,中,✅保留,現役主要表單,加盟主屋主委託需求,,,,,,,
開發部,加盟主屋主委託需求,https://ap13.ragic.com/OnePlaceLiving/development-department/52,28,業務,內勤,,登打用,高,中,✅保留,現役主要表單,屋主委託需求,,,,,,,
開發部,來案紀錄-高雄,https://ap13.ragic.com/OnePlaceLiving/development-department/53,64,業務,內勤,,登打用,中,高,✅保留,現役主要表單,,,,,,,,
開發部,來案紀錄-台中,https://ap13.ragic.com/OnePlaceLiving/development-department/54,64,業務,內勤,,登打用,中,高,✅保留,現役主要表單,,,,,,,,
開發部,D來案紀錄  多版本表單,https://ap13.ragic.com/OnePlaceLiving/development-department/55,64,業務,內勤,,登打用,中,低,⚠️待合併,Ragic 系統自動產生的額外視圖,D來案紀錄,,,,,,,
開發部,D大房東合約 (簽約後) — 房東租期及租金(測試中),https://ap13.ragic.com/OnePlaceLiving/development-department/56,9,業務,內勤,,登打用,低,低,🗑️建議停用,建議停用或歸檔,D大房東合約 (簽約後),,,,,,,
開發部,老宅延壽房屋評估申請表,https://ap13.ragic.com/OnePlaceLiving/development-department/58,12,業務,內勤,,登打用,低,中,✅保留,現役主要表單,,,,,,,,
開發部,D大房東合約 (簽約後) 登打欄位,https://ap13.ragic.com/OnePlaceLiving/development-department/67,128,業務,內勤,,兩者,中,高,✅保留,超大型表單（128欄位），建議拆分或重新規劃,D大房東合約 (簽約後),,,,,,,
開發部,案場付款資訊,https://ap13.ragic.com/OnePlaceLiving/development-department/68,9,業務,內勤,,登打用,高,中,✅保留,現役主要表單,,,,,,,,
開發部,電話連絡紀錄(總機串接紀錄),https://ap13.ragic.com/OnePlaceLiving/development-department/70,29,業務,自動,,登打用,低,中,✅保留,現役主要表單,,,,,,,,
開發部,雙北里長資料,https://ap13.ragic.com/OnePlaceLiving/development-department/76,10,業務,內勤,,登打用,低,中,✅保留,現役主要表單,,,,,,,,
開發部,業務區域分配表,https://ap13.ragic.com/OnePlaceLiving/development-department/79,11,業務,外勤,,登打用,低,中,✅保留,現役主要表單,業務區域分配表子表,,,,,,,
開發部,業務區域分配表子表,https://ap13.ragic.com/OnePlaceLiving/development-department/80,4,業務,外勤,,登打用,低,中,✅保留,現役主要表單,業務區域分配表,,,,,,,
服務檢核,S服務部檢核表,https://ap13.ragic.com/OnePlaceLiving/review/9,893,服務,內勤,,兩者,中,高,✅保留,超大型表單（893欄位），建議拆分或重新規劃,S服務部檢核表印、S服務部檢核表印 copy,,,,,,,
服務檢核,異常任務統整,https://ap13.ragic.com/OnePlaceLiving/review/10,9,服務,內勤,,登打用,低,中,✅保留,現役主要表單,,,,,,,,
服務檢核,S服務部檢核表印,https://ap13.ragic.com/OnePlaceLiving/review/19,890,服務,內勤,,兩者,中,高,✅保留,超大型表單（890欄位），建議拆分或重新規劃,S服務部檢核表、S服務部檢核表印 copy,,,,,,,
服務檢核,S服務部檢核表印 copy,https://ap13.ragic.com/OnePlaceLiving/review/20,886,服務,內勤,,兩者,中,高,✅保留,超大型表單（886欄位），建議拆分或重新規劃,S服務部檢核表、S服務部檢核表印,,,,,,,
服務檢核,加盟主檢核完案場,https://ap13.ragic.com/OnePlaceLiving/review/37,891,服務,內勤,,兩者,高,高,✅保留,超大型表單（891欄位），建議拆分或重新規劃,,,,,,,,
服務檢核,加盟主檢核代辦事項,https://ap13.ragic.com/OnePlaceLiving/review/40,12,服務,內勤,,登打用,高,中,✅保留,現役主要表單,,,,,,,,
工務,案場設計工務先填表,https://ap13.ragic.com/OnePlaceLiving/construction/6,73,工務,內勤,,兩者,高,高,✅保留,現役主要表單,,,,,✅多版本,案場總表,工務部視圖,for-system-use/1
工務,工期天數間隔,https://ap13.ragic.com/OnePlaceLiving/construction/25,12,工務,內勤,,登打用,低,中,✅保留,現役主要表單,,,,,,,,
工務,工務工程安排預估,https://ap13.ragic.com/OnePlaceLiving/construction/26,55,工務,外勤,,兩者,中,高,✅保留,現役主要表單,,,,,,,,
工務,工務備品清單,https://ap13.ragic.com/OnePlaceLiving/construction/38,14,工務,內勤,,登打用,低,中,✅保留,現役主要表單,,,,,,,,
工務,工務-網購申請單 (上午填單：作業日是下單日+2天  /  下午填單：作業日是下單日+3天),https://ap13.ragic.com/OnePlaceLiving/construction/40,38,工務,內勤,,登打用,低,中,✅保留,現役主要表單,,,,,,,,
工務,信用卡刷卡登記細目,https://ap13.ragic.com/OnePlaceLiving/construction/43,18,財務,內勤,,登打用,低,高,✅保留,現役主要表單,,,,,,,,
工務,工務部表單教學影片,https://ap13.ragic.com/OnePlaceLiving/construction/44,13,工務,內勤,,登打用,低,中,✅保留,現役主要表單,,,,,,,,
工務,工務採購單(待啟用)→自動拋轉成請款單,https://ap13.ragic.com/OnePlaceLiving/construction/45,26,財務,自動,,登打用,低,高,⚠️待合併,尚未正式啟用,,,,,,,,
工務,工務-廠商資料庫,https://ap13.ragic.com/OnePlaceLiving/construction/49,55,工務,外包,,兩者,高,高,✅保留,現役主要表單,工務-廠商資料庫 (設計&外包),,,,,,,
工務,信用卡持有人(轉拋用),https://ap13.ragic.com/OnePlaceLiving/construction/68,30,工務,內勤,,登打用,低,中,✅保留,現役主要表單,,,,,,,,
工務,案場工務請款分析,https://ap13.ragic.com/OnePlaceLiving/construction/70,44,財務,內勤,,查詢用,高,中,✅保留,現役主要表單,,,,,,,,
工務,工務-廠商資料庫 (設計&外包),https://ap13.ragic.com/OnePlaceLiving/construction/72,61,工務,外包,,兩者,高,高,✅保留,現役主要表單,工務-廠商資料庫,,,,,,,
工務,信用卡登打區,https://ap13.ragic.com/OnePlaceLiving/construction/81,22,工務,內勤,,登打用,低,中,✅保留,現役主要表單,,,,,,,,
工務,工務費用時程+開發預估費用對照,https://ap13.ragic.com/OnePlaceLiving/construction/82,104,財務,內勤,,兩者,中,高,✅保留,超大型表單（104欄位），建議拆分或重新規劃,,,,,,,,
幫邦妮,S幫邦尼案場,https://ap13.ragic.com/OnePlaceLiving/help-bonnie/1,43,其他,內勤,,兩者,高,中,⚠️待合併,個人/測試頁籤（幫邦妮），建議確認是否仍在使用,S幫邦尼案場打掃安排,,,,,,,
幫邦妮,S邦尼方案,https://ap13.ragic.com/OnePlaceLiving/help-bonnie/2,6,其他,內勤,,登打用,低,中,⚠️待合併,個人/測試頁籤（幫邦妮），建議確認是否仍在使用,,,,,,,,
幫邦妮,打卡照片(邦尼),https://ap13.ragic.com/OnePlaceLiving/help-bonnie/3,25,其他,內勤,,登打用,低,中,⚠️待合併,個人/測試頁籤（幫邦妮），建議確認是否仍在使用,打卡照片(邦尼)打掃,,,,,,,
幫邦妮,S固定廠商方案表,https://ap13.ragic.com/OnePlaceLiving/help-bonnie/4,15,工務,外包,,登打用,高,中,⚠️待合併,個人/測試頁籤（幫邦妮），建議確認是否仍在使用,,,,,,,,
幫邦妮,S幫邦尼案場打掃安排,https://ap13.ragic.com/OnePlaceLiving/help-bonnie/6,52,其他,內勤,,兩者,高,高,⚠️待合併,個人/測試頁籤（幫邦妮），建議確認是否仍在使用,S幫邦尼案場,,,,,,,
幫邦妮,安排打掃細目,https://ap13.ragic.com/OnePlaceLiving/help-bonnie/8,8,其他,內勤,,登打用,低,中,⚠️待合併,個人/測試頁籤（幫邦妮），建議確認是否仍在使用,,,,,,,,
幫邦妮,打掃安排細節,https://ap13.ragic.com/OnePlaceLiving/help-bonnie/9,22,其他,內勤,,登打用,低,中,⚠️待合併,個人/測試頁籤（幫邦妮），建議確認是否仍在使用,,,,,,,,
幫邦妮,打卡照片(邦尼)打掃,https://ap13.ragic.com/OnePlaceLiving/help-bonnie/11,17,其他,內勤,,登打用,低,中,⚠️待合併,個人/測試頁籤（幫邦妮），建議確認是否仍在使用,打卡照片(邦尼),,,,,,,
幫邦妮,S廠商名單-邦尼,https://ap13.ragic.com/OnePlaceLiving/help-bonnie/12,43,工務,外包,,兩者,高,中,⚠️待合併,個人/測試頁籤（幫邦妮），建議確認是否仍在使用,,,,,,,,
幫邦妮,單次代收,https://ap13.ragic.com/OnePlaceLiving/help-bonnie/13,5,其他,內勤,,登打用,低,中,⚠️待合併,個人/測試頁籤（幫邦妮），建議確認是否仍在使用,,,,,,,,
幫邦妮,(垃圾代收)廠商確認單,https://ap13.ragic.com/OnePlaceLiving/help-bonnie/14,43,工務,外包,,兩者,高,中,⚠️待合併,個人/測試頁籤（幫邦妮），建議確認是否仍在使用,,,,,,,,
幫邦妮,幫妮收費表,https://ap13.ragic.com/OnePlaceLiving/help-bonnie/15,4,其他,內勤,,登打用,低,中,⚠️待合併,個人/測試頁籤（幫邦妮），建議確認是否仍在使用,,,,,,,,
幫邦妮,方案相關資訊,https://ap13.ragic.com/OnePlaceLiving/help-bonnie/16,9,其他,內勤,,登打用,低,中,⚠️待合併,個人/測試頁籤（幫邦妮），建議確認是否仍在使用,,,,,,,,
幫邦妮,代收賠償小班長,https://ap13.ragic.com/OnePlaceLiving/help-bonnie/17,6,其他,內勤,,登打用,低,中,⚠️待合併,個人/測試頁籤（幫邦妮），建議確認是否仍在使用,,,,,,,,
幫邦妮,軟裝狀態紀錄,https://ap13.ragic.com/OnePlaceLiving/help-bonnie/18,8,其他,內勤,,登打用,低,中,⚠️待合併,個人/測試頁籤（幫邦妮），建議確認是否仍在使用,,,,,,,,
修繕,S修繕表單收單,https://ap13.ragic.com/OnePlaceLiving/repair/1,82,服務,內勤,,兩者,中,高,✅保留,超大型表單（82欄位），建議拆分或重新規劃,,,,,🏠主版本,修繕工單,主版本,repair/1
修繕,修繕進度,https://ap13.ragic.com/OnePlaceLiving/repair/2,8,服務,內勤,,登打用,低,高,✅保留,現役主要表單,,,,,✅多版本,修繕工單,進度追蹤視圖,repair/1
修繕,一方室友修繕表單,https://ap13.ragic.com/OnePlaceLiving/repair/3,27,服務,內勤,,登打用,低,高,✅保留,現役主要表單,一方室友修繕表單-測試,,,,✅多版本,修繕工單,租客填單介面,repair/1
修繕,修繕表單-內部填單,https://ap13.ragic.com/OnePlaceLiving/repair/15,19,服務,內勤,,登打用,低,高,✅保留,現役主要表單,,,,,,,,
修繕,修繕影片分類,https://ap13.ragic.com/OnePlaceLiving/repair/22,5,服務,內勤,,登打用,低,高,✅保留,現役主要表單,,,,,,,,
修繕,一方室友修繕表單-測試,https://ap13.ragic.com/OnePlaceLiving/repair/23,26,服務,內勤,,登打用,低,高,🗑️建議停用,建議停用或歸檔,一方室友修繕表單、一方室友修繕表單,,,,,,,
修繕,一方室友修繕表單,https://ap13.ragic.com/OnePlaceLiving/repair/24,26,服務,內勤,,登打用,低,高,✅保留,現役主要表單,一方室友修繕表單-測試,,,,,,,
Harvey,S修繕表單收單 copy,https://ap13.ragic.com/OnePlaceLiving/harvey/6,55,服務,內勤,,兩者,中,高,⚠️待合併,個人/測試頁籤（Harvey），建議確認是否仍在使用,,,,,,,,
Harvey,嗨👋填寫一下，我們將會盡快回覆 多版本表單,https://ap13.ragic.com/OnePlaceLiving/harvey/8,15,其他,內勤,,登打用,低,低,⚠️待合併,個人/測試頁籤（Harvey），建議確認是否仍在使用；Ragic 系統自動產生的額外視圖,,,,,,,,
Harvey,收支明細表 copy,https://ap13.ragic.com/OnePlaceLiving/harvey/9,64,其他,內勤,,查詢用,中,高,⚠️待合併,個人/測試頁籤（Harvey），建議確認是否仍在使用,,,,,,,,
Harvey,會計請款表單_一方工務夥伴,https://ap13.ragic.com/OnePlaceLiving/harvey/10,24,財務,內勤,,登打用,低,中,⚠️待合併,個人/測試頁籤（Harvey），建議確認是否仍在使用,會計請款表單_一方工務夥伴 詩婷追蹤進度使用,,,,,,,
Harvey,S案場總表 多版本表單-收支明細表,https://ap13.ragic.com/OnePlaceLiving/harvey/12,168,其他,內勤,,查詢用,高,低,⚠️待合併,個人/測試頁籤（Harvey），建議確認是否仍在使用；Ragic 系統自動產生的額外視圖；超大型表單（168欄位），建議拆分或重新規劃,S案場總表 Harvey操作,,,,,,,
Harvey,房間金額,https://ap13.ragic.com/OnePlaceLiving/harvey/15,2,財務,內勤,,登打用,高,中,⚠️待合併,個人/測試頁籤（Harvey），建議確認是否仍在使用,,,,,,,,
Harvey,房間資訊明細,https://ap13.ragic.com/OnePlaceLiving/harvey/16,16,其他,內勤,,查詢用,高,中,⚠️待合併,個人/測試頁籤（Harvey），建議確認是否仍在使用,,,,,,,,
Harvey,D屋主合約 Harvey計算免租期天數,https://ap13.ragic.com/OnePlaceLiving/harvey/17,56,房務,內勤,,兩者,高,高,⚠️待合併,個人/測試頁籤（Harvey），建議確認是否仍在使用,,,,,,,,
Harvey,S修繕表單收單 Harvey統計,https://ap13.ragic.com/OnePlaceLiving/harvey/18,69,服務,內勤,,查詢用,中,高,⚠️待合併,個人/測試頁籤（Harvey），建議確認是否仍在使用,,,,,,,,
Harvey,S房源VC Harvey用,https://ap13.ragic.com/OnePlaceLiving/harvey/19,51,其他,內勤,,兩者,中,高,⚠️待合併,個人/測試頁籤（Harvey），建議確認是否仍在使用,,,,,,,,
Harvey,工務庫存表,https://ap13.ragic.com/OnePlaceLiving/harvey/20,8,工務,內勤,,登打用,低,中,⚠️待合併,個人/測試頁籤（Harvey），建議確認是否仍在使用,,,,,,,,
Harvey,會計請款表單_一方工務夥伴 詩婷追蹤進度使用,https://ap13.ragic.com/OnePlaceLiving/harvey/23,24,財務,內勤,,登打用,低,中,⚠️待合併,個人/測試頁籤（Harvey），建議確認是否仍在使用,會計請款表單_一方工務夥伴,,,,,,,
Harvey,房客資料表更新,https://ap13.ragic.com/OnePlaceLiving/harvey/25,10,房務,內勤,,登打用,低,中,⚠️待合併,個人/測試頁籤（Harvey），建議確認是否仍在使用,,,,,,,,
Harvey,工務請款申請V2 多版本表單,https://ap13.ragic.com/OnePlaceLiving/harvey/27,14,財務,內勤,,登打用,低,低,⚠️待合併,個人/測試頁籤（Harvey），建議確認是否仍在使用；Ragic 系統自動產生的額外視圖,,,,,,,,
Harvey,S房源資訊 Harvey統計用,https://ap13.ragic.com/OnePlaceLiving/harvey/28,78,其他,內勤,,查詢用,中,高,⚠️待合併,個人/測試頁籤（Harvey），建議確認是否仍在使用,,,,,,,,
Harvey,S案場總表 Harvey操作,https://ap13.ragic.com/OnePlaceLiving/harvey/29,158,其他,內勤,,兩者,高,高,⚠️待合併,個人/測試頁籤（Harvey），建議確認是否仍在使用；超大型表單（158欄位），建議拆分或重新規劃,S案場總表 多版本表單-收支明細表,,,,,,,
Harvey,R案場設計工務先填表-Harvey操作,https://ap13.ragic.com/OnePlaceLiving/harvey/31,71,工務,內勤,,兩者,高,高,⚠️待合併,個人/測試頁籤（Harvey），建議確認是否仍在使用,,,,,,,,
Harvey,AI需求許願表,https://ap13.ragic.com/OnePlaceLiving/harvey/32,3,其他,內勤,,登打用,低,中,⚠️待合併,個人/測試頁籤（Harvey），建議確認是否仍在使用,,,,,,,,
Harvey,S修繕表單收單 Harvey計算,https://ap13.ragic.com/OnePlaceLiving/harvey/33,76,服務,內勤,,兩者,中,高,⚠️待合併,個人/測試頁籤（Harvey），建議確認是否仍在使用,,,,,,,,
Harvey,S修繕表單收單_Harvey操作,https://ap13.ragic.com/OnePlaceLiving/harvey/34,78,服務,內勤,,兩者,中,高,⚠️待合併,個人/測試頁籤（Harvey），建議確認是否仍在使用,,,,,,,,
Harvey,D屋主合約_Harvey操作,https://ap13.ragic.com/OnePlaceLiving/harvey/35,56,房務,內勤,,兩者,高,高,⚠️待合併,個人/測試頁籤（Harvey），建議確認是否仍在使用,,,,,,,,
Harvey,公司設備採購,https://ap13.ragic.com/OnePlaceLiving/harvey/36,9,工務,內勤,,登打用,低,中,⚠️待合併,個人/測試頁籤（Harvey），建議確認是否仍在使用,,,,,,,,
Harvey,簽約 多版本表單,https://ap13.ragic.com/OnePlaceLiving/harvey/37,81,業務,內勤,,兩者,中,低,⚠️待合併,個人/測試頁籤（Harvey），建議確認是否仍在使用；Ragic 系統自動產生的額外視圖；超大型表單（81欄位），建議拆分或重新規劃,,,,,,,,
Harvey,S房客合約資料_Harvey操作 LTV,https://ap13.ragic.com/OnePlaceLiving/harvey/38,51,房務,內勤,,兩者,中,高,⚠️待合併,個人/測試頁籤（Harvey），建議確認是否仍在使用,,,,,,,,
Harvey,S房客資料表_Harvey操作,https://ap13.ragic.com/OnePlaceLiving/harvey/39,51,房務,內勤,,兩者,中,高,⚠️待合併,個人/測試頁籤（Harvey），建議確認是否仍在使用,,,,,,,,
Harvey,倫表正式版本_Harvey,https://ap13.ragic.com/OnePlaceLiving/harvey/40,52,其他,內勤,,兩者,中,高,⚠️待合併,個人/測試頁籤（Harvey），建議確認是否仍在使用,,,,,,,,
Harvey,S案場歷程、按鈕動作資料更新） Harvey,https://ap13.ragic.com/OnePlaceLiving/harvey/41,49,其他,內勤,,兩者,高,中,⚠️待合併,個人/測試頁籤（Harvey），建議確認是否仍在使用,,,,,,,,
KH list,K developed items list,https://ap13.ragic.com/OnePlaceLiving/kh-list/3,11,其他,內勤,,登打用,低,中,✅保留,現役主要表單,,,,,,,,
KH list,屋主需求按鈕log,https://ap13.ragic.com/OnePlaceLiving/kh-list/4,10,房務,內勤,,登打用,高,中,✅保留,現役主要表單,,,,,,,,
KH list,比對失敗,https://ap13.ragic.com/OnePlaceLiving/kh-list/7,8,其他,內勤,,登打用,低,中,✅保留,現役主要表單,,,,,,,,
KH list,pics upload,https://ap13.ragic.com/OnePlaceLiving/kh-list/9,6,其他,內勤,,登打用,低,中,✅保留,現役主要表單,,,,,,,,
KH list,問題租客及合約,https://ap13.ragic.com/OnePlaceLiving/kh-list/10,6,房務,內勤,,登打用,低,中,✅保留,現役主要表單,,,,,,,,
案件分享,全居案件分享,https://ap13.ragic.com/OnePlaceLiving/external-personnel-use/8,40,其他,內勤,,登打用,低,中,✅保留,現役主要表單,,,,,,,,
案件分享,凌群案件分享,https://ap13.ragic.com/OnePlaceLiving/external-personnel-use/9,35,其他,內勤,,登打用,低,中,✅保留,現役主要表單,,,,,,,,
案件分享,心窩案件分享,https://ap13.ragic.com/OnePlaceLiving/external-personnel-use/11,40,其他,內勤,,登打用,低,中,✅保留,現役主要表單,,,,,,,,
佈告欄,案場工程布告欄,https://ap13.ragic.com/OnePlaceLiving/bulletin-board/1,41,工務,內勤,,兩者,高,中,✅保留,現役主要表單,,,,,,,,
佈告欄,公佈欄表單,https://ap13.ragic.com/OnePlaceLiving/bulletin-board/4,35,其他,內勤,,登打用,低,中,✅保留,現役主要表單,,,,,,,,
佈告欄,案場費用布告欄,https://ap13.ragic.com/OnePlaceLiving/bulletin-board/5,18,財務,內勤,,登打用,高,中,✅保留,現役主要表單,,,,,,,,
佈告欄,案場管理布告欄,https://ap13.ragic.com/OnePlaceLiving/bulletin-board/6,18,其他,內勤,,登打用,高,中,✅保留,現役主要表單,,,,,,,,
佈告欄,公布欄簽核及通知欄位,https://ap13.ragic.com/OnePlaceLiving/bulletin-board/7,11,其他,主管,,登打用,低,中,✅保留,現役主要表單,,,,,,,,
請款、勞報單,[申請]請款申請單,https://ap13.ragic.com/OnePlaceLiving/payment-request/1,128,財務,內勤,,登打用,中,高,✅保留,超大型表單（128欄位），建議拆分或重新規劃,,,,,,,,
請款、勞報單,勞報單（新版）,https://ap13.ragic.com/OnePlaceLiving/payment-request/32,123,財務,內勤,,兩者,中,高,✅保留,超大型表單（123欄位），建議拆分或重新規劃,,,,,,,,
請款、勞報單,勞報單小班長（新版）,https://ap13.ragic.com/OnePlaceLiving/payment-request/33,54,財務,內勤,,兩者,中,高,✅保留,現役主要表單,,,,,,,,
公司表單,內部派案請求單,https://ap13.ragic.com/OnePlaceLiving/company-form/6,53,其他,內勤,,兩者,中,高,✅保留,現役主要表單,內部派案請求單 多版本表單_加盟主,,,,,,,
公司表單,教學,https://ap13.ragic.com/OnePlaceLiving/company-form/7,13,其他,內勤,,登打用,低,中,✅保留,現役主要表單,,,,,,,,
公司表單,內派細項,https://ap13.ragic.com/OnePlaceLiving/company-form/8,8,其他,內勤,,登打用,低,中,✅保留,現役主要表單,,,,,,,,
公司表單,內部派案請求單 多版本表單_加盟主,https://ap13.ragic.com/OnePlaceLiving/company-form/9,49,加盟,內勤,,兩者,高,低,⚠️待合併,Ragic 系統自動產生的額外視圖,內部派案請求單,,,,,,,
公司表單,特力屋跟裝,https://ap13.ragic.com/OnePlaceLiving/company-form/10,15,其他,內勤,,登打用,低,中,✅保留,現役主要表單,,,,,,,,
公司表單,11/7-11/9金博會-加盟諮詢,https://ap13.ragic.com/OnePlaceLiving/company-form/13,20,加盟,內勤,,登打用,低,中,✅保留,現役主要表單,,,,,,,,
人資(2),Office 365登記表,https://ap13.ragic.com/OnePlaceLiving/administration/4,3,人事,內勤,,登打用,低,中,⚠️待合併,可能為舊版或重複版本，建議與現役版合併,,,,,,,,
人資(2),名片申請,https://ap13.ragic.com/OnePlaceLiving/administration/5,10,人事,內勤,,登打用,低,中,⚠️待合併,可能為舊版或重複版本，建議與現役版合併,,,,,,,,
人資(2),職缺申請單,https://ap13.ragic.com/OnePlaceLiving/administration/7,7,人事,內勤,,登打用,低,中,⚠️待合併,可能為舊版或重複版本，建議與現役版合併,,,,,,,,
人資(2),人事表,https://ap13.ragic.com/OnePlaceLiving/administration/10,39,人事,內勤,,登打用,低,中,⚠️待合併,可能為舊版或重複版本，建議與現役版合併,,,,,,,,
科,測試,https://ap13.ragic.com/OnePlaceLiving/science/1,4,其他,內勤,,登打用,低,低,🗑️建議停用,個人/測試頁籤（科），建議確認是否仍在使用,,,,,,,,
科,打掃垃圾收案,https://ap13.ragic.com/OnePlaceLiving/science/2,22,其他,內勤,,登打用,低,中,⚠️待合併,個人/測試頁籤（科），建議確認是否仍在使用,,,,,,,,
科,垃圾打掃需求,https://ap13.ragic.com/OnePlaceLiving/science/3,15,其他,內勤,,登打用,低,中,⚠️待合併,個人/測試頁籤（科），建議確認是否仍在使用,,,,,,,,
科,S案場總表垃圾,https://ap13.ragic.com/OnePlaceLiving/science/4,159,其他,內勤,,兩者,高,高,⚠️待合併,個人/測試頁籤（科），建議確認是否仍在使用；超大型表單（159欄位），建議拆分或重新規劃,,,,,,,,
有風,課程－對帳單（提供給老師）,https://ap13.ragic.com/OnePlaceLiving/wind/6,39,其他,內勤,,登打用,低,中,⚠️待合併,個人/測試頁籤（有風），建議確認是否仍在使用,,,,,,,,
有風,有風同仁付款資料表,https://ap13.ragic.com/OnePlaceLiving/wind/9,13,其他,內勤,,登打用,低,中,⚠️待合併,個人/測試頁籤（有風），建議確認是否仍在使用,,,,,,,,
有風,【有風】課程列表,https://ap13.ragic.com/OnePlaceLiving/wind/10,17,其他,內勤,,查詢用,低,中,⚠️待合併,個人/測試頁籤（有風），建議確認是否仍在使用,,,,,,,,
有風,廠商資料表,https://ap13.ragic.com/OnePlaceLiving/wind/15,23,工務,外包,,登打用,高,中,⚠️待合併,個人/測試頁籤（有風），建議確認是否仍在使用,,,,,,,,
有風,邁凱匯款帳號,https://ap13.ragic.com/OnePlaceLiving/wind/17,7,財務,內勤,,登打用,低,中,⚠️待合併,個人/測試頁籤（有風），建議確認是否仍在使用,,,,,,,,
明細公司會議室預約,一方生活場地列表,https://ap13.ragic.com/OnePlaceLiving/ragic-/20001,12,其他,內勤,,查詢用,低,中,✅保留,現役主要表單,,,,,,,,
明細公司會議室預約,一方生活-民權辦公室6樓會議室,https://ap13.ragic.com/OnePlaceLiving/ragic-/20002,6,其他,內勤,,登打用,低,中,✅保留,現役主要表單,,,,,,,,
公告欄,加盟總部訊息公告,https://ap13.ragic.com/OnePlaceLiving/notice-board/1,15,加盟,內勤,,登打用,低,中,✅保留,現役主要表單,,,,,,,,
案場資料,加盟主案場總表,https://ap13.ragic.com/OnePlaceLiving/site-data/1,132,加盟,內勤,,兩者,高,高,✅保留,超大型表單（132欄位），建議拆分或重新規劃,,,,,,,,
案場資料,招租中房源清單,https://ap13.ragic.com/OnePlaceLiving/site-data/2,36,其他,內勤,,登打用,低,中,✅保留,現役主要表單,,,,,,,,
案場資料,加盟主案場檢核_待處理事項,https://ap13.ragic.com/OnePlaceLiving/site-data/7,113,服務,內勤,,兩者,高,高,✅保留,超大型表單（113欄位），建議拆分或重新規劃,,,,,,,,
案場資料,加盟主房間總表,https://ap13.ragic.com/OnePlaceLiving/site-data/9,39,加盟,內勤,,登打用,高,中,✅保留,現役主要表單,,,,,,,,
計算機工具,屋主稅務計算機,https://ap13.ragic.com/OnePlaceLiving/computing-tool/1,17,房務,內勤,,登打用,高,中,✅保留,現役主要表單,,,,,,,,
計算機工具,租客退租計算機,https://ap13.ragic.com/OnePlaceLiving/computing-tool/2,30,房務,內勤,,登打用,低,中,✅保留,現役主要表單,,,,,,,,
服務申請,加盟主服務需求申報,https://ap13.ragic.com/OnePlaceLiving/service-application/1,31,服務,內勤,,登打用,高,中,✅保留,現役主要表單,,,,,,,,
服務申請,營運與服務紀錄,https://ap13.ragic.com/OnePlaceLiving/service-application/2,4,服務,內勤,,登打用,低,中,✅保留,現役主要表單,,,,,,,,
服務申請,修繕計價表,https://ap13.ragic.com/OnePlaceLiving/service-application/3,4,服務,內勤,,登打用,低,高,✅保留,現役主要表單,,,,,,,,
服務申請,軟裝租借計價表,https://ap13.ragic.com/OnePlaceLiving/service-application/4,3,服務,內勤,,登打用,低,中,✅保留,現役主要表單,,,,,,,,
服務申請,廠商資訊,https://ap13.ragic.com/OnePlaceLiving/service-application/5,6,工務,外包,,登打用,高,中,✅保留,現役主要表單,,,,,,,,
詩婷,拆除任務,https://ap13.ragic.com/OnePlaceLiving/shiting/3,6,其他,內勤,,登打用,低,中,⚠️待合併,個人/測試頁籤（詩婷），建議確認是否仍在使用,,,,,,,,
詩婷,家具家電物品類任務,https://ap13.ragic.com/OnePlaceLiving/shiting/4,5,其他,內勤,,登打用,低,中,⚠️待合併,個人/測試頁籤（詩婷），建議確認是否仍在使用,,,,,,,,
詩婷,水電類任務,https://ap13.ragic.com/OnePlaceLiving/shiting/5,5,其他,內勤,,登打用,低,中,⚠️待合併,個人/測試頁籤（詩婷），建議確認是否仍在使用,,,,,,,,
詩婷,隔間類任務,https://ap13.ragic.com/OnePlaceLiving/shiting/6,5,其他,內勤,,登打用,低,中,⚠️待合併,個人/測試頁籤（詩婷），建議確認是否仍在使用,,,,,,,,
詩婷,油漆類任務,https://ap13.ragic.com/OnePlaceLiving/shiting/7,5,其他,內勤,,登打用,低,中,⚠️待合併,個人/測試頁籤（詩婷），建議確認是否仍在使用,,,,,,,,
詩婷,冷氣類任務,https://ap13.ragic.com/OnePlaceLiving/shiting/8,5,其他,內勤,,登打用,低,中,⚠️待合併,個人/測試頁籤（詩婷），建議確認是否仍在使用,,,,,,,,
詩婷,地板類任務,https://ap13.ragic.com/OnePlaceLiving/shiting/9,5,其他,內勤,,登打用,低,中,⚠️待合併,個人/測試頁籤（詩婷），建議確認是否仍在使用,,,,,,,,
詩婷,窗戶類任務,https://ap13.ragic.com/OnePlaceLiving/shiting/10,5,其他,內勤,,登打用,低,中,⚠️待合併,個人/測試頁籤（詩婷），建議確認是否仍在使用,,,,,,,,
詩婷,其他類任務,https://ap13.ragic.com/OnePlaceLiving/shiting/11,5,其他,內勤,,登打用,低,中,⚠️待合併,個人/測試頁籤（詩婷），建議確認是否仍在使用,,,,,,,,
詩婷,OLD-設計/工務採購單(廠商-公司撥款),https://ap13.ragic.com/OnePlaceLiving/shiting/14,11,工務,外包,,登打用,高,中,⚠️待合併,個人/測試頁籤（詩婷），建議確認是否仍在使用,,,,,,,,
詩婷,S房客合約資料(申報),https://ap13.ragic.com/OnePlaceLiving/shiting/15,53,房務,內勤,,兩者,中,高,⚠️待合併,個人/測試頁籤（詩婷），建議確認是否仍在使用,,,,,,,,
詩婷,房東地政申報-詩婷用,https://ap13.ragic.com/OnePlaceLiving/shiting/16,60,其他,內勤,,兩者,中,高,⚠️待合併,個人/測試頁籤（詩婷），建議確認是否仍在使用,,,,,,,,
詩婷,公司信用卡刷卡紀錄,https://ap13.ragic.com/OnePlaceLiving/shiting/18,17,財務,內勤,,登打用,低,高,⚠️待合併,個人/測試頁籤（詩婷），建議確認是否仍在使用,,,,,,,,
詩婷,設計/工務採購單(廠商-公司撥款)-詩婷內部控流程用,https://ap13.ragic.com/OnePlaceLiving/shiting/19,18,工務,外包,,登打用,高,中,⚠️待合併,個人/測試頁籤（詩婷），建議確認是否仍在使用,,,,,,,,
詩婷,R案場工務檢核第一張現場表,https://ap13.ragic.com/OnePlaceLiving/shiting/20,569,工務,內勤,,兩者,高,高,⚠️待合併,個人/測試頁籤（詩婷），建議確認是否仍在使用；超大型表單（569欄位），建議拆分或重新規劃,,,,,,,,
詩婷,R案場工務檢核第三張表,https://ap13.ragic.com/OnePlaceLiving/shiting/21,443,工務,內勤,,兩者,高,高,⚠️待合併,個人/測試頁籤（詩婷），建議確認是否仍在使用；超大型表單（443欄位），建議拆分或重新規劃,,,,,,,,
詩婷,R案場工務第二張表單(流程控制),https://ap13.ragic.com/OnePlaceLiving/shiting/22,137,工務,內勤,,兩者,高,高,⚠️待合併,個人/測試頁籤（詩婷），建議確認是否仍在使用；超大型表單（137欄位），建議拆分或重新規劃,,,,,,,,
Selina,冰箱回郵信封,https://ap13.ragic.com/OnePlaceLiving/selina/2,11,其他,內勤,,登打用,低,中,⚠️待合併,個人/測試頁籤（Selina），建議確認是否仍在使用,,,,,,,,
Selina,S案場人際與事件履歷事件類型,https://ap13.ragic.com/OnePlaceLiving/selina/4,36,其他,內勤,,登打用,高,中,⚠️待合併,個人/測試頁籤（Selina），建議確認是否仍在使用,,,,,,,,
Selina,小班長勞報單（舊版）,https://ap13.ragic.com/OnePlaceLiving/selina/5,29,財務,內勤,,登打用,低,中,⚠️待合併,個人/測試頁籤（Selina），建議確認是否仍在使用,,,,,,,,
Selina,其他收入,https://ap13.ragic.com/OnePlaceLiving/selina/6,25,其他,內勤,,登打用,低,中,⚠️待合併,個人/測試頁籤（Selina），建議確認是否仍在使用,,,,,,,,
Selina,屋主信件轉寄Joyce,https://ap13.ragic.com/OnePlaceLiving/selina/7,40,房務,內勤,,登打用,高,中,⚠️待合併,個人/測試頁籤（Selina），建議確認是否仍在使用,,,,,,,,
Selina,勞報單測試小班長（S留底）,https://ap13.ragic.com/OnePlaceLiving/selina/11,53,財務,內勤,,兩者,中,低,🗑️建議停用,個人/測試頁籤（Selina），建議確認是否仍在使用,,,,,,,,
Selina,Lalamove表單,https://ap13.ragic.com/OnePlaceLiving/selina/12,34,其他,內勤,,登打用,低,中,⚠️待合併,個人/測試頁籤（Selina），建議確認是否仍在使用,,,,,,,,
Selina,零用金請領,https://ap13.ragic.com/OnePlaceLiving/selina/13,31,財務,內勤,,登打用,低,中,⚠️待合併,個人/測試頁籤（Selina），建議確認是否仍在使用,,,,,,,,
Selina,零用金持有人,https://ap13.ragic.com/OnePlaceLiving/selina/14,51,財務,內勤,,兩者,中,高,⚠️待合併,個人/測試頁籤（Selina），建議確認是否仍在使用,,,,,,,,
Selina,S事件記錄表,https://ap13.ragic.com/OnePlaceLiving/selina/15,36,其他,內勤,,登打用,低,中,⚠️待合併,個人/測試頁籤（Selina），建議確認是否仍在使用,事件記錄表,,,,,,,
Selina,S人際,https://ap13.ragic.com/OnePlaceLiving/selina/17,36,其他,內勤,,登打用,低,中,⚠️待合併,個人/測試頁籤（Selina），建議確認是否仍在使用,,,,,,,,
Selina,事件記錄表,https://ap13.ragic.com/OnePlaceLiving/selina/16,14,其他,內勤,,登打用,低,中,⚠️待合併,個人/測試頁籤（Selina），建議確認是否仍在使用,S事件記錄表,,,,,,,
Selina,55,https://ap13.ragic.com/OnePlaceLiving/selina/22,34,其他,內勤,,登打用,低,中,⚠️待合併,個人/測試頁籤（Selina），建議確認是否仍在使用,,,,,,,,
國桐,招租房源歷史租金-國桐使用,https://ap13.ragic.com/OnePlaceLiving/guotong/1,4,其他,內勤,,登打用,低,中,⚠️待合併,個人/測試頁籤（國桐），建議確認是否仍在使用,,,,,,,,
國桐,S房源資訊招租中-國桐使用,https://ap13.ragic.com/OnePlaceLiving/guotong/2,42,其他,內勤,,兩者,低,中,⚠️待合併,個人/測試頁籤（國桐），建議確認是否仍在使用,S房源資訊 多版本表單,,,,,,,
國桐,S房源資訊 多版本表單,https://ap13.ragic.com/OnePlaceLiving/guotong/3,79,其他,內勤,,兩者,中,低,⚠️待合併,個人/測試頁籤（國桐），建議確認是否仍在使用；Ragic 系統自動產生的額外視圖,S房源資訊招租中-國桐使用,,,,,,,
國桐,嗨👋填寫一下，我們將會盡快回覆 多版本表單測試,https://ap13.ragic.com/OnePlaceLiving/guotong/4,12,其他,內勤,,登打用,低,低,⚠️待合併,個人/測試頁籤（國桐），建議確認是否仍在使用；Ragic 系統自動產生的額外視圖,嗨👋填寫一下，我們將會盡快回覆,,,,,,,
國桐,嗨👋填寫一下，我們將會盡快回覆,https://ap13.ragic.com/OnePlaceLiving/guotong/5,16,其他,內勤,,登打用,低,中,⚠️待合併,個人/測試頁籤（國桐），建議確認是否仍在使用,嗨👋填寫一下，我們將會盡快回覆 多版本表單測試,,,,,,,
國桐,案場總表 加盟主多版本表單,https://ap13.ragic.com/OnePlaceLiving/guotong/6,226,加盟,內勤,,兩者,高,低,⚠️待合併,個人/測試頁籤（國桐），建議確認是否仍在使用；Ragic 系統自動產生的額外視圖；超大型表單（226欄位），建議拆分或重新規劃,,,,,,,,
國桐,加盟主官方帳號連結 多版本表單,https://ap13.ragic.com/OnePlaceLiving/guotong/7,21,加盟,內勤,,登打用,高,低,⚠️待合併,個人/測試頁籤（國桐），建議確認是否仍在使用；Ragic 系統自動產生的額外視圖,,,,,,,,
國桐,S房客資料表 多版本(綁定專用) 多版本表單,https://ap13.ragic.com/OnePlaceLiving/guotong/8,47,房務,內勤,,兩者,低,低,⚠️待合併,個人/測試頁籤（國桐），建議確認是否仍在使用；Ragic 系統自動產生的額外視圖,,,,,,,,
國桐,房源資訊(倫表測試),https://ap13.ragic.com/OnePlaceLiving/guotong/10,50,其他,內勤,,兩者,低,低,🗑️建議停用,個人/測試頁籤（國桐），建議確認是否仍在使用,,,,,,,,
帶看部,已退租待上架(A),https://ap13.ragic.com/OnePlaceLiving/showing-property-visit/1,55,業務,外勤,,兩者,中,高,✅保留,現役主要表單,,,,,,,,
帶看部,帶看,https://ap13.ragic.com/OnePlaceLiving/showing-property-visit/2,71,業務,外勤,,兩者,中,高,✅保留,現役主要表單,,,,,,,,
帶看部,簽約,https://ap13.ragic.com/OnePlaceLiving/showing-property-visit/3,91,業務,外勤,,兩者,中,高,✅保留,超大型表單（91欄位），建議拆分或重新規劃,簽約租客資料,,,,,,,
帶看部,簽約租客資料,https://ap13.ragic.com/OnePlaceLiving/showing-property-visit/4,31,業務,外勤,,登打用,低,中,✅保留,現役主要表單,簽約,,,,,,,
帶看部,嗨👋填寫一下，我們將會盡快回覆,https://ap13.ragic.com/OnePlaceLiving/showing-property-visit/6,19,業務,外勤,,登打用,低,中,✅保留,現役主要表單,,,,,,,,
帶看部,加盟主連結,https://ap13.ragic.com/OnePlaceLiving/showing-property-visit/21,28,業務,外勤,,登打用,高,中,✅保留,現役主要表單,,,,,,,,
帶看部,空房清單,https://ap13.ragic.com/OnePlaceLiving/showing-property-visit/79,52,業務,外勤,,兩者,中,高,✅保留,現役主要表單,,,,,,,,
帶看部,刊登歷史租金,https://ap13.ragic.com/OnePlaceLiving/showing-property-visit/81,5,業務,外勤,,登打用,低,中,✅保留,現役主要表單,,,,,,,,
會議室預約系統+會計部,[會計]請款申請單,https://ap13.ragic.com/OnePlaceLiving/accounting-department/1,91,財務,自動,,登打用,中,高,✅保留,超大型表單（91欄位），建議拆分或重新規劃,,,,,,,,
會議室預約系統+會計部,[出納]請款申請單,https://ap13.ragic.com/OnePlaceLiving/accounting-department/2,117,財務,自動,,登打用,中,高,✅保留,超大型表單（117欄位），建議拆分或重新規劃,,,,,,,,
會議室預約系統+會計部,請款簽核查詢,https://ap13.ragic.com/OnePlaceLiving/accounting-department/3,82,財務,主管,,查詢用,中,高,✅保留,超大型表單（82欄位），建議拆分或重新規劃,,,,,,,,
會議室預約系統+會計部,S房客合約資料登打區,https://ap13.ragic.com/OnePlaceLiving/accounting-department/4,106,財務,自動,,兩者,中,高,✅保留,超大型表單（106欄位），建議拆分或重新規劃,,,,,,,,
會議室預約系統+會計部,請款單細目,https://ap13.ragic.com/OnePlaceLiving/accounting-department/5,38,財務,自動,,登打用,低,高,✅保留,現役主要表單,,,,,,,,
會議室預約系統+會計部,案場總表會計,https://ap13.ragic.com/OnePlaceLiving/accounting-department/6,112,財務,自動,,兩者,高,高,✅保留,超大型表單（112欄位），建議拆分或重新規劃,,,,,,,,
會議室預約系統+會計部,S案場歷程,https://ap13.ragic.com/OnePlaceLiving/accounting-department/11,50,財務,自動,,兩者,高,中,✅保留,現役主要表單,,,,,,,,
會議室預約系統+會計部,[凱軒]房客合約資料登打區,https://ap13.ragic.com/OnePlaceLiving/accounting-department/12,101,財務,自動,,兩者,中,高,✅保留,超大型表單（101欄位），建議拆分或重新規劃,,,,,,,,
系統用,S案場總表資料看,https://ap13.ragic.com/OnePlaceLiving/for-system-use/1,229,系統,自動,,兩者,高,高,✅保留,超大型表單（229欄位），建議拆分或重新規劃,,,,,🏠主版本,案場總表,主版本,for-system-use/1
系統用,[系統]房客資料表,https://ap13.ragic.com/OnePlaceLiving/for-system-use/2,51,系統,自動,,兩者,中,高,✅保留,現役主要表單,,,,,✅多版本,房客資料,系統版,for-system-use/19
系統用,案場總表公式區,https://ap13.ragic.com/OnePlaceLiving/for-system-use/3,168,系統,自動,,兩者,高,高,✅保留,超大型表單（168欄位），建議拆分或重新規劃,,,,,,,,
系統用,[系統]廠商名單,https://ap13.ragic.com/OnePlaceLiving/for-system-use/4,54,工務,自動,,兩者,高,高,✅保留,現役主要表單,,,,,,,,
系統用,[系統]房客合約資料,https://ap13.ragic.com/OnePlaceLiving/for-system-use/5,57,系統,自動,,兩者,中,高,✅保留,現役主要表單,,,,,✅多版本,房客合約,系統版,for-system-use/16
系統用,[系統]房源資訊,https://ap13.ragic.com/OnePlaceLiving/for-system-use/6,83,系統,自動,,兩者,中,高,✅保留,超大型表單（83欄位），建議拆分或重新規劃,,,,,✅多版本,房源資訊,系統版,for-system-use/15
系統用,[系統]房客合約API專用版本,https://ap13.ragic.com/OnePlaceLiving/for-system-use/10,69,系統,自動,,兩者,中,高,✅保留,現役主要表單,,,,,,,,
系統用,[系統]請款申請單 多版本表單,https://ap13.ragic.com/OnePlaceLiving/for-system-use/12,125,財務,自動,,登打用,中,低,⚠️待合併,Ragic 系統自動產生的額外視圖；超大型表單（125欄位），建議拆分或重新規劃,,,,,,,,
系統用,S繳租對帳資訊,https://ap13.ragic.com/OnePlaceLiving/for-system-use/14,10,系統,自動,,登打用,低,中,✅保留,現役主要表單,,,,,,,,
系統用,[數據用]房源總表,https://ap13.ragic.com/OnePlaceLiving/for-system-use/15,25,系統,自動,,登打用,低,中,✅保留,現役主要表單,,,,,🏠主版本,房源資訊,主版本(數據用),for-system-use/15
系統用,[數據用]房客合約資料,https://ap13.ragic.com/OnePlaceLiving/for-system-use/16,16,系統,自動,,登打用,低,中,✅保留,現役主要表單,,,,,🏠主版本,房客合約,主版本(數據用),for-system-use/16
系統用,[數據用]帶看表,https://ap13.ragic.com/OnePlaceLiving/for-system-use/17,10,業務,自動,,登打用,低,中,✅保留,現役主要表單,,,,,,,,
系統用,[數據用]房客資料表,https://ap13.ragic.com/OnePlaceLiving/for-system-use/19,5,系統,自動,,登打用,低,中,✅保留,現役主要表單,,,,,🏠主版本,房客資料,主版本(數據用),for-system-use/19
系統用,[數據]工務工程,https://ap13.ragic.com/OnePlaceLiving/for-system-use/21,57,工務,自動,,兩者,中,高,✅保留,現役主要表單,,,,,,,,
系統用,房客合約API專用 sandbox,https://ap13.ragic.com/OnePlaceLiving/for-system-use/24,68,系統,自動,,兩者,中,高,✅保留,現役主要表單,,,,,,,,
系統用,房客資料表 sandbox,https://ap13.ragic.com/OnePlaceLiving/for-system-use/25,42,系統,自動,,兩者,低,中,✅保留,現役主要表單,異常房客資料表 sandbox,,,,,,,
系統用,[匯款後傳line]請款申請單,https://ap13.ragic.com/OnePlaceLiving/for-system-use/26,25,財務,自動,,登打用,低,中,✅保留,現役主要表單,,,,,✅多版本,請款申請,系統申請視圖,forms4/1
系統用,機器人查詢索引,https://ap13.ragic.com/OnePlaceLiving/for-system-use/27,7,系統,自動,,查詢用,低,中,✅保留,現役主要表單,,,,,,,,
系統用,人事表 開發用,https://ap13.ragic.com/OnePlaceLiving/for-system-use/28,36,業務,自動,,登打用,低,中,✅保留,現役主要表單,,,,,,,,
系統用,我們是一方生活，填寫完表單，會盡快回覆～,https://ap13.ragic.com/OnePlaceLiving/for-system-use/30,20,系統,自動,,登打用,低,中,✅保留,現役主要表單,,,,,,,,
系統用,異常房客資料表 sandbox,https://ap13.ragic.com/OnePlaceLiving/for-system-use/37,27,系統,自動,,登打用,低,中,✅保留,現役主要表單,房客資料表 sandbox,,,,,,,
服務部(2),退租續約[新增],https://ap13.ragic.com/OnePlaceLiving/go-back/1,165,服務,內勤,,兩者,中,高,⚠️待合併,超大型表單（165欄位），建議拆分或重新規劃,,,,,,,,
服務部(2),廠商名單,https://ap13.ragic.com/OnePlaceLiving/go-back/2,53,工務,外包,,兩者,高,高,⚠️待合併,可能為舊版或重複版本，建議與現役版合併,,,,,,,,
服務部(2),房客合約資料,https://ap13.ragic.com/OnePlaceLiving/go-back/3,54,服務,內勤,,兩者,中,高,⚠️待合併,可能為舊版或重複版本，建議與現役版合併,,,,,,,,
服務部(2),房源資訊,https://ap13.ragic.com/OnePlaceLiving/go-back/4,80,服務,內勤,,兩者,中,高,⚠️待合併,可能為舊版或重複版本，建議與現役版合併,,,,,,,,
服務部(2),案場總表,https://ap13.ragic.com/OnePlaceLiving/go-back/8,153,服務,內勤,,兩者,高,高,⚠️待合併,超大型表單（153欄位），建議拆分或重新規劃,,,,,,,,
外包夥伴,[申請]請款申請單(廠商請款/代墊款),https://ap13.ragic.com/OnePlaceLiving/outsourcing-partner/1,121,財務,外包,,登打用,高,高,✅保留,超大型表單（121欄位），建議拆分或重新規劃,,,,,,,,
外包夥伴,設計/工務採購單(停用),https://ap13.ragic.com/OnePlaceLiving/outsourcing-partner/4,18,工務,外包,,登打用,低,中,✅保留,現役主要表單,,,,,,,,
外包夥伴,外包夥伴表單教學影片,https://ap13.ragic.com/OnePlaceLiving/outsourcing-partner/6,13,其他,外包,,登打用,低,中,✅保留,現役主要表單,,,,,,,,
外包夥伴,[外包夥伴]工務案場檢核紀錄表,https://ap13.ragic.com/OnePlaceLiving/outsourcing-partner/8,324,工務,外包,,登打用,高,高,✅保留,超大型表單（324欄位），建議拆分或重新規劃,,,,,,,,
外包夥伴,[外包夥伴]服務部檢核表,https://ap13.ragic.com/OnePlaceLiving/outsourcing-partner/9,890,服務,外包,,兩者,中,高,✅保留,超大型表單（890欄位），建議拆分或重新規劃,,,,,,,,
工務-,[工務]廠商資料庫,https://ap13.ragic.com/OnePlaceLiving/-/1,60,工務,外包,,兩者,高,高,⚠️待合併,可能為舊版或重複版本，建議與現役版合併,,,,,,,,
工務-,[工務]案場檢核紀錄表,https://ap13.ragic.com/OnePlaceLiving/-/3,323,工務,內勤,,登打用,高,高,⚠️待合併,超大型表單（323欄位），建議拆分或重新規劃,,,,,,,,
工務-,[工務]工程安排預估,https://ap13.ragic.com/OnePlaceLiving/-/4,49,工務,內勤,,兩者,低,中,⚠️待合併,可能為舊版或重複版本，建議與現役版合併,,,,,,,,
工務-,[工務]案場設計先填表,https://ap13.ragic.com/OnePlaceLiving/-/9,72,工務,內勤,,兩者,高,高,⚠️待合併,可能為舊版或重複版本，建議與現役版合併,,,,,,,,
系統使用者,使用者,https://ap13.ragic.com/OnePlaceLiving/ragicsystem/20001,27,系統,自動,,登打用,低,中,✅保留,現役主要表單,外部使用者,,,,,,,
系統使用者,外部使用者,https://ap13.ragic.com/OnePlaceLiving/ragicsystem/20002,16,系統,自動,,登打用,低,中,✅保留,現役主要表單,使用者,,,,,,,
系統使用者,資料庫存取申請,https://ap13.ragic.com/OnePlaceLiving/ragicsystem/20003,8,工務,自動,,登打用,低,中,✅保留,現役主要表單,,,,,,,,
案場工務類,工務先填表,https://ap13.ragic.com/OnePlaceLiving/taichung-kaohsiung/2,37,工務,內勤,,登打用,低,中,✅保留,現役主要表單,,,,,,,,
案場工務類,大房東合約,https://ap13.ragic.com/OnePlaceLiving/taichung-kaohsiung/3,156,工務,內勤,,兩者,中,高,✅保留,超大型表單（156欄位），建議拆分或重新規劃,,,,,,,,
案場工務類,案場總表,https://ap13.ragic.com/OnePlaceLiving/taichung-kaohsiung/7,106,工務,內勤,,兩者,高,高,✅保留,超大型表單（106欄位），建議拆分或重新規劃,,,,,,,,
案場工務類,來案紀錄,https://ap13.ragic.com/OnePlaceLiving/taichung-kaohsiung/9,64,工務,內勤,,登打用,中,高,✅保留,現役主要表單,,,,,,,,
請款、合約類,稅務計算機,https://ap13.ragic.com/OnePlaceLiving/shared-form/3,18,財務,內勤,,登打用,低,中,✅保留,現役主要表單,,,,,,,,
請款、合約類,房客合約資料登打區,https://ap13.ragic.com/OnePlaceLiving/shared-form/4,90,財務,內勤,,兩者,中,高,✅保留,超大型表單（90欄位），建議拆分或重新規劃,,,,,,,,
請款、合約類,房客資料表,https://ap13.ragic.com/OnePlaceLiving/shared-form/5,45,財務,內勤,,兩者,低,中,✅保留,現役主要表單,,,,,,,,
請款、合約類,工務-廠商資料庫,https://ap13.ragic.com/OnePlaceLiving/shared-form/6,60,財務,外包,,兩者,高,高,✅保留,現役主要表單,,,,,,,,
請款、合約類,[申請]請款申請單,https://ap13.ragic.com/OnePlaceLiving/shared-form/8,125,財務,內勤,,登打用,中,高,✅保留,超大型表單（125欄位），建議拆分或重新規劃,,,,,,,,
請款類別,[有風]請款申請單 - 支出類明細,https://ap13.ragic.com/OnePlaceLiving/billing-category/1,34,財務,內勤,,查詢用,低,中,✅保留,現役主要表單,,,,,,,,
請款類別,【有風】請款申請單,https://ap13.ragic.com/OnePlaceLiving/billing-category/2,111,財務,內勤,,登打用,中,高,✅保留,超大型表單（111欄位），建議拆分或重新規劃,,,,,,,,
請款類別,【有風】請購單／用印單,https://ap13.ragic.com/OnePlaceLiving/billing-category/3,45,財務,內勤,,兩者,低,中,✅保留,現役主要表單,,,,,,,,
請款類別,部門欄位/簽核人 多版本表單,https://ap13.ragic.com/OnePlaceLiving/billing-category/4,7,財務,主管,,登打用,低,低,⚠️待合併,Ragic 系統自動產生的額外視圖,,,,,,,,
請款類別,【有風】(會計出納)請款申請單,https://ap13.ragic.com/OnePlaceLiving/billing-category/5,111,財務,內勤,,登打用,中,高,✅保留,超大型表單（111欄位），建議拆分或重新規劃,,,,,,,,
請款類別,【有風】勞報單,https://ap13.ragic.com/OnePlaceLiving/billing-category/9,28,財務,內勤,,登打用,低,中,✅保留,現役主要表單,,,,,,,,
系統用(2),廠商資料表 連結用,https://ap13.ragic.com/OnePlaceLiving/system-use/2,22,工務,自動,,登打用,高,中,⚠️待合併,可能為舊版或重複版本，建議與現役版合併,,,,,,,,
請款單(2),[僅供查詢]請款申請單,https://ap13.ragic.com/OnePlaceLiving/14/1,125,財務,內勤,,查詢用,中,高,⚠️待合併,超大型表單（125欄位），建議拆分或重新規劃,,,,,,,,
1+mcp頁籤,[mcp]修繕表單,https://ap13.ragic.com/OnePlaceLiving/mcp/1,86,服務,內勤,,兩者,中,高,✅保留,超大型表單（86欄位），建議拆分或重新規劃,[mcp]修繕表單 copy,,,,,,,
1+mcp頁籤,[mcp]房客資料表,https://ap13.ragic.com/OnePlaceLiving/mcp/2,52,系統,內勤,,兩者,中,高,✅保留,現役主要表單,,,,,,,,
1+mcp頁籤,[mcp]房客合約資料,https://ap13.ragic.com/OnePlaceLiving/mcp/4,52,系統,內勤,,兩者,中,高,✅保留,現役主要表單,,,,,,,,
1+mcp頁籤,[mcp]修繕表單 copy,https://ap13.ragic.com/OnePlaceLiving/mcp/5,84,服務,內勤,,兩者,中,高,✅保留,超大型表單（84欄位），建議拆分或重新規劃,[mcp]修繕表單,,,,,,,
PRO360,[PRO360]請款申請單(複製表單),https://ap13.ragic.com/OnePlaceLiving/16/2,119,財務,內勤,,登打用,中,高,✅保留,超大型表單（119欄位），建議拆分或重新規劃,,,,,,,,
庫存,倉庫管理,https://ap13.ragic.com/OnePlaceLiving/ragicinventory/20001,12,工務,內勤,,登打用,低,中,✅保留,現役主要表單,,,,,,,,
庫存,商品庫存,https://ap13.ragic.com/OnePlaceLiving/ragicinventory/20002,42,工務,內勤,,兩者,低,中,✅保留,現役主要表單,,,,,,,,
庫存,倉庫庫存,https://ap13.ragic.com/OnePlaceLiving/ragicinventory/20008,15,工務,內勤,,登打用,低,中,✅保留,現役主要表單,,,,,,,,
庫存,出庫單,https://ap13.ragic.com/OnePlaceLiving/ragicinventory/20009,19,工務,內勤,,登打用,低,中,✅保留,現役主要表單,,,,,,,,
庫存,入庫單,https://ap13.ragic.com/OnePlaceLiving/ragicinventory/20005,19,工務,內勤,,登打用,低,中,✅保留,現役主要表單,,,,,,,,
庫存,調撥作業,https://ap13.ragic.com/OnePlaceLiving/ragicinventory/20010,19,工務,內勤,,登打用,低,中,✅保留,現役主要表單,,,,,,,,
庫存表,[庫存]工務備品清單,https://ap13.ragic.com/OnePlaceLiving/inventory/1,34,工務,內勤,,登打用,低,中,✅保留,現役主要表單,,,,,,,,
庫存表,[庫存]內勤採購入庫,https://ap13.ragic.com/OnePlaceLiving/inventory/2,41,工務,內勤,,兩者,低,中,✅保留,現役主要表單,,,,,,,,
庫存表,[庫存]出庫明細,https://ap13.ragic.com/OnePlaceLiving/inventory/3,8,工務,內勤,,查詢用,低,中,✅保留,現役主要表單,,,,,,,,
庫存表,[庫存]工務出庫登記,https://ap13.ragic.com/OnePlaceLiving/inventory/5,102,工務,內勤,,登打用,中,高,✅保留,超大型表單（102欄位），建議拆分或重新規劃,,,,,,,,
開發帶看簽約模組,[加盟]來案評估紀錄紀錄表,https://ap13.ragic.com/OnePlaceLiving/franchise-development-module/1,71,業務,外勤,,登打用,中,高,✅保留,現役主要表單,,,,,,,,
開發帶看簽約模組,[加盟]帶看任務,https://ap13.ragic.com/OnePlaceLiving/franchise-development-module/2,17,業務,外勤,,登打用,低,中,✅保留,現役主要表單,,,,,,,,
加盟說明會,預約1對1加盟諮詢 金融博覽會限定 11/7-11/9,https://ap13.ragic.com/OnePlaceLiving/other/5,16,加盟,內勤,,登打用,低,中,✅保留,現役主要表單,,,,,,,,
加盟說明會,n8n串接金博會加盟預約,https://ap13.ragic.com/OnePlaceLiving/other/6,16,系統,自動,,登打用,低,中,✅保留,現役主要表單,,,,,,,,
加盟說明會,一方生活加盟說明會,https://ap13.ragic.com/OnePlaceLiving/other/7,14,加盟,內勤,,登打用,低,中,✅保留,現役主要表單,,,,,,,,
請款暫存區,廠商資料庫(轉拋用),https://ap13.ragic.com/OnePlaceLiving/request-cache-area/3,27,財務,外包,,登打用,高,中,⚠️待合併,可能為舊版或重複版本，建議與現役版合併,,,,,,,,
請款暫存區,設計月結廠商採購紀錄表,https://ap13.ragic.com/OnePlaceLiving/request-cache-area/4,24,財務,外包,,登打用,高,中,⚠️待合併,可能為舊版或重複版本，建議與現役版合併,,,,,,,,
請款暫存區,簡易登打細目(中介),https://ap13.ragic.com/OnePlaceLiving/request-cache-area/5,19,財務,內勤,,登打用,低,中,⚠️待合併,可能為舊版或重複版本，建議與現役版合併,,,,,,,,
數據串接,[數據串接房源總表,https://ap13.ragic.com/OnePlaceLiving/data-integration/1,36,系統,自動,,登打用,低,中,✅保留,現役主要表單,,,,,,,,
數據串接,[數據串接]房客合約資料,https://ap13.ragic.com/OnePlaceLiving/data-integration/2,16,系統,自動,,登打用,低,中,✅保留,現役主要表單,,,,,,,,
數據串接,[數據串接]帶看表,https://ap13.ragic.com/OnePlaceLiving/data-integration/3,12,業務,自動,,登打用,低,中,✅保留,現役主要表單,,,,,,,,
數據串接,[數據串接]房客資料表,https://ap13.ragic.com/OnePlaceLiving/data-integration/4,5,系統,自動,,登打用,低,中,✅保留,現役主要表單,,,,,,,,
數據串接,[數據串接]工務工程,https://ap13.ragic.com/OnePlaceLiving/data-integration/5,57,工務,自動,,兩者,中,高,✅保留,現役主要表單,,,,,,,,
數據串接,[房源]刊登歷史租金,https://ap13.ragic.com/OnePlaceLiving/data-integration/6,4,系統,自動,,登打用,低,中,✅保留,現役主要表單,,,,,,,,
數據串接,[帶看進案表]嗨👋填寫一下，我們將會盡快回覆,https://ap13.ragic.com/OnePlaceLiving/data-integration/7,19,業務,自動,,登打用,低,中,✅保留,現役主要表單,,,,,,,,
數據串接,[數據用]案場總表資料看,https://ap13.ragic.com/OnePlaceLiving/data-integration/8,229,系統,自動,,兩者,高,高,✅保留,超大型表單（229欄位），建議拆分或重新規劃,,,,,,,,
數據串接,[數據]修繕表單收單,https://ap13.ragic.com/OnePlaceLiving/data-integration/9,82,服務,自動,,兩者,中,高,✅保留,超大型表單（82欄位），建議拆分或重新規劃,,,,,,,,
加盟部使用,加盟主官方帳號連結,https://ap13.ragic.com/OnePlaceLiving/franchise-department/1,22,加盟,內勤,,登打用,高,中,✅保留,現役主要表單,,,,,,,,
加盟部使用,裝修中案場,https://ap13.ragic.com/OnePlaceLiving/franchise-department/2,59,加盟,內勤,,兩者,高,高,✅保留,現役主要表單,裝修中案場慨況,,,,,,,
加盟部使用,第一案選件,https://ap13.ragic.com/OnePlaceLiving/franchise-department/4,19,加盟,內勤,,登打用,低,中,✅保留,現役主要表單,第一案選件資料,,,,,,,
加盟部使用,第一案選件資料,https://ap13.ragic.com/OnePlaceLiving/franchise-department/5,55,加盟,內勤,,兩者,中,高,✅保留,現役主要表單,第一案選件,,,,,,,
加盟部使用,裝修中問券單,https://ap13.ragic.com/OnePlaceLiving/franchise-department/8,6,加盟,內勤,,登打用,低,中,✅保留,現役主要表單,,,,,,,,
加盟部使用,租金預提表製作,https://ap13.ragic.com/OnePlaceLiving/franchise-department/9,49,加盟,內勤,,兩者,低,中,✅保留,現役主要表單,,,,,,,,
加盟部使用,加盟主租客租金預提申請,https://ap13.ragic.com/OnePlaceLiving/franchise-department/10,15,加盟,內勤,,登打用,高,中,✅保留,現役主要表單,,,,,,,,
加盟部使用,租客租屋終止聲明上傳,https://ap13.ragic.com/OnePlaceLiving/franchise-department/11,23,加盟,內勤,,登打用,低,中,✅保留,現役主要表單,,,,,,,,
加盟部使用,裝修中案場慨況,https://ap13.ragic.com/OnePlaceLiving/franchise-department/12,17,加盟,內勤,,登打用,高,中,✅保留,現役主要表單,裝修中案場,,,,,,,
加盟部使用,加盟主營運概況,https://ap13.ragic.com/OnePlaceLiving/franchise-department/13,66,加盟,內勤,,兩者,高,高,✅保留,現役主要表單,,,,,,,,
加盟部使用,權利金結算表,https://ap13.ragic.com/OnePlaceLiving/franchise-department/14,66,加盟,內勤,,兩者,中,高,✅保留,現役主要表單,,,,,,,,
加盟部使用,請款單,https://ap13.ragic.com/OnePlaceLiving/franchise-department/15,16,財務,內勤,,登打用,低,高,✅保留,現役主要表單,,,,,,,,
加盟部使用,製作營業點意向書,https://ap13.ragic.com/OnePlaceLiving/franchise-department/16,19,加盟,內勤,,登打用,低,中,✅保留,現役主要表單,,,,,,,,
加盟部使用,評分,https://ap13.ragic.com/OnePlaceLiving/franchise-department/18,31,加盟,內勤,,登打用,低,中,✅保留,現役主要表單,,,,,,,,
檢核類,D大房東合約 (簽約後) 工務,https://ap13.ragic.com/OnePlaceLiving/audit-type/1,119,業務,內勤,,兩者,中,高,✅保留,超大型表單（119欄位），建議拆分或重新規劃,,,,,,,,
檢核類,工務案場檢核記錄表,https://ap13.ragic.com/OnePlaceLiving/audit-type/2,339,工務,內勤,,登打用,高,高,✅保留,超大型表單（339欄位），建議拆分或重新規劃,工務案場檢核記錄表隔間前、工務案場檢核記錄表隔間後、工務案場檢核記錄表驗收,,,,,,,
檢核類,工務案場檢核記錄表隔間前,https://ap13.ragic.com/OnePlaceLiving/audit-type/3,150,工務,內勤,,登打用,高,高,✅保留,超大型表單（150欄位），建議拆分或重新規劃,工務案場檢核記錄表,,,,,,,
檢核類,工務案場檢核記錄表隔間後,https://ap13.ragic.com/OnePlaceLiving/audit-type/4,165,工務,內勤,,登打用,高,高,✅保留,超大型表單（165欄位），建議拆分或重新規劃,工務案場檢核記錄表,,,,,,,
檢核類,工務案場檢核記錄表驗收,https://ap13.ragic.com/OnePlaceLiving/audit-type/5,132,工務,內勤,,登打用,高,高,✅保留,超大型表單（132欄位），建議拆分或重新規劃,工務案場檢核記錄表,,,,,,,
檢核類,服務部檢核表,https://ap13.ragic.com/OnePlaceLiving/audit-type/6,889,服務,內勤,,兩者,中,高,✅保留,超大型表單（889欄位），建議拆分或重新規劃,,,,,,,,
龍蝦測試頁籤,龍蝦測試表單,https://ap13.ragic.com/OnePlaceLiving/lobster-test-tab/2,2,其他,內勤,,登打用,低,低,🗑️建議停用,建議停用或歸檔,,,,,,,,
訂單資料庫,訂單資料庫,https://ap13.ragic.com/OnePlaceLiving/order-database/2,7,系統,內勤,,登打用,低,中,✅保留,現役主要表單,,,,,,,,
標案/轉介案,【標案公告】,https://ap13.ragic.com/OnePlaceLiving/tenderreferral/1,59,業務,內勤,,兩者,中,高,✅保留,現役主要表單,,,,,,,,
標案/轉介案,【標案投標】,https://ap13.ragic.com/OnePlaceLiving/tenderreferral/2,9,業務,內勤,,登打用,低,中,✅保留,現役主要表單,,,,,,,,
標案/轉介案,總部看標案開標/結標,https://ap13.ragic.com/OnePlaceLiving/tenderreferral/3,49,業務,內勤,,兩者,低,中,✅保留,現役主要表單,,,,,,,,
標案/轉介案,加盟部-通知標案開標/結標,https://ap13.ragic.com/OnePlaceLiving/tenderreferral/4,36,業務,內勤,,登打用,低,中,✅保留,現役主要表單,,,,,,,,
標案/轉介案,【通知加盟主結標公告】,https://ap13.ragic.com/OnePlaceLiving/tenderreferral/5,18,業務,內勤,,登打用,高,中,✅保留,現役主要表單,,,,,,,,
標案/轉介案,轉介案件,https://ap13.ragic.com/OnePlaceLiving/tenderreferral/6,35,業務,內勤,,登打用,低,中,✅保留,現役主要表單,轉介案件nono、轉介案件提案,,,,,,,
標案/轉介案,轉介案件nono,https://ap13.ragic.com/OnePlaceLiving/tenderreferral/7,36,業務,內勤,,登打用,低,中,✅保留,現役主要表單,轉介案件,,,,,,,
標案/轉介案,轉介案件提案,https://ap13.ragic.com/OnePlaceLiving/tenderreferral/8,9,業務,內勤,,登打用,低,中,✅保留,現役主要表單,轉介案件,,,,,,,
標案/轉介案,【通知加盟主得標公告】 多版本表單,https://ap13.ragic.com/OnePlaceLiving/tenderreferral/9,22,業務,內勤,,登打用,高,低,⚠️待合併,Ragic 系統自動產生的額外視圖,,,,,,,,
